MG,BP-RP,MG0,BP-RP0
0,0,-6.239483696,1.036406213
0,0,-6.454412358,1.336010681
0,0,-6.395047465,1.488347931
0,0,-5.866829281,1.823850033
0,0,-6.359142158,1.871109651
0,0,-5.350323898,2.338522882
0,0,-5.472889283,2.686188638
14.073245,0.68929,0.782925,-0.0321
13.452291,0.551614,0.161971,-0.169776
15.154001,0.773092,1.863681,0.051702
13.142543,0.587497,-0.147777,-0.133893
15.18732,0.861335,1.897,0.139945
13.590285,0.894821,0.299965,0.173431
14.923219,0.931167,1.632899,0.209777
15.217305,0.930553,1.926985,0.209163
13.24531,0.635096,-0.04501,-0.086294
15.004911,0.754681,1.714591,0.033291
12.765909,0.523849,-0.524411,-0.197541
14.685671,0.659418,1.395351,-0.061972
11.982861,0.486719,-1.307459,-0.234671
14.313868,0.859275,1.023548,0.137885
14.384785,0.689681,1.094465,-0.031709
14.737293,0.646494,1.446973,-0.074896
16.079195,1.186564,2.788875,0.465174
14.59468,0.742792,1.30436,0.021402
13.974691,0.72622,0.684371,4.83E-03
13.096244,0.450089,-0.194076,-0.271301
13.789,0.619335,0.49868,-0.102055
14.201246,0.894196,0.910926,0.172806
12.67763,0.593271,-0.61269,-0.128119
15.451423,0.94919,2.161103,0.2278
14.220988,0.593718,0.930668,-0.127672
14.107393,0.765889,0.817073,0.044499
14.78977,0.796349,1.49945,0.074959
13.538053,0.76811,0.247733,0.04672
8.102315,0.462356,-5.188005,-0.259034
14.315051,0.786272,1.024731,0.064882
14.281086,0.687709,0.990766,-0.033681
14.146179,0.623529,0.855859,-0.097861
15.342086,0.898018,2.051766,0.176628
16.040314,1.177141,2.749994,0.455751
14.937589,0.703696,1.647269,-0.017694
14.177405,0.790137,0.887085,0.068747
10.818704,0.343258,-2.471616,-0.378132
14.310023,0.71078,1.019703,-0.01061
14.93536,0.881181,1.64504,0.159791
13.314292,0.618478,0.023972,-0.102912
13.777461,0.576819,0.487141,-0.144571
15.710233,1.018188,2.419913,0.296798
14.263136,0.64777,0.972816,-0.07362
15.443658,0.924619,2.153338,0.203229
13.388319,0.585615,0.097999,-0.135775
13.77245,0.608387,0.48213,-0.113003
14.071886,0.677823,0.781566,-0.043567
15.384028,0.91634,2.093708,0.19495
15.118394,0.79508,1.828074,0.07369
14.058225,0.755205,0.767905,0.033815
16.073011,1.201093,2.782691,0.479703
9.268651,0.428896,-4.021669,-0.292494
15.333767,0.950067,2.043447,0.228677
13.250005,0.636238,-0.040315,-0.085152
14.568993,0.901928,1.278673,0.180538
14.296546,0.710796,1.006226,-0.010594
15.625792,0.990378,2.335472,0.268988
15.048333,0.814323,1.758013,0.092933
15.234728,0.911587,1.944408,0.190197
15.898312,1.074964,2.607992,0.353574
16.259676,1.316024,2.969356,0.594634
15.122993,0.892427,1.832673,0.171037
12.984399,0.61068,-0.305921,-0.11071
14.135275,0.729838,0.844955,8.45E-03
13.398417,0.768115,0.108097,0.046725
13.441381,0.66272,0.151061,-0.05867
10.398611,0.525861,-2.891709,-0.195529
15.291253,0.876001,2.000933,0.154611
14.967343,0.820777,1.677023,0.099387
15.150147,0.795106,1.859827,0.073716
14.927319,0.816509,1.636999,0.095119
16.047735,1.449679,2.757415,0.728289
14.694284,0.689589,1.403964,-0.031801
14.379619,0.682583,1.089299,-0.038807
14.379376,0.700567,1.089056,-0.020823
14.784365,0.808292,1.494045,0.086902
14.428823,0.670837,1.138503,-0.050553
13.456187,0.593766,0.165867,-0.127624
16.108093,1.176889,2.817773,0.455499
15.255136,0.922574,1.964816,0.201184
14.24123,0.569008,0.95091,-0.152382
13.973351,0.63406,0.683031,-0.08733
13.90922,0.573304,0.6189,-0.148086
15.329485,1.148716,2.039165,0.427326
12.713078,0.550736,-0.577242,-0.170654
13.526464,0.762424,0.236144,0.041034
13.098839,0.712508,-0.191481,-8.88E-03
15.438473,0.967844,2.148153,0.246454
15.905412,1.090116,2.615092,0.368726
14.446338,0.822293,1.156018,0.100903
15.294785,0.9264,2.004465,0.20501
14.169919,0.777673,0.879599,0.056283
13.126696,0.545561,-0.163624,-0.175829
14.517685,0.868368,1.227365,0.146978
14.064429,0.706291,0.774109,-0.015099
15.217031,0.834761,1.926711,0.113371
14.67579,0.847304,1.38547,0.125914
15.305505,0.985458,2.015185,0.264068
16.363937,1.270001,3.073617,0.548611
15.108623,0.841838,1.818303,0.120448
12.156569,0.649372,-1.133751,-0.072018
12.470313,0.479749,-0.820007,-0.241641
15.41881,0.919939,2.12849,0.198549
13.186707,0.484227,-0.103613,-0.237163
12.941088,0.735668,-0.349232,0.014278
13.132879,0.527531,-0.157441,-0.193859
16.373512,1.414269,3.083192,0.692879
16.328594,1.474514,3.038274,0.753124
14.834654,0.754462,1.544334,0.033072
15.490734,0.991647,2.200414,0.270257
14.837276,0.716678,1.546956,-4.71E-03
13.694643,0.717194,0.404323,-4.20E-03
10.588058,0.502447,-2.702262,-0.218943
14.361697,0.588469,1.071377,-0.132921
10.264087,0.479268,-3.026233,-0.242122
12.780875,0.540828,-0.509445,-0.180562
12.999084,0.414984,-0.291236,-0.306406
14.031345,0.667376,0.741025,-0.054014
13.689549,0.637438,0.399229,-0.083952
14.000797,0.583537,0.710477,-0.137853
13.207363,0.452356,-0.082957,-0.269034
16.300808,1.455567,3.010488,0.734177
16.017775,1.215067,2.727455,0.493677
11.535039,0.445566,-1.755281,-0.275824
11.367433,0.525286,-1.922887,-0.196104
16.67037,1.302001,3.38005,0.580611
11.19454,0.692843,-2.09578,-0.028547
14.517432,0.871743,1.227112,0.150353
15.034161,0.821597,1.743841,0.100207
13.409696,0.642958,0.119376,-0.078432
15.016595,0.862205,1.726275,0.140815
12.585402,0.572517,-0.704918,-0.148873
15.646877,1.026944,2.356557,0.305554
13.897768,0.718805,0.607448,-2.58E-03
15.632248,0.967706,2.341928,0.246316
15.130234,0.806224,1.839914,0.084834
15.39435,0.955869,2.10403,0.234479
14.225606,0.688636,0.935286,-0.032754
13.761147,0.571321,0.470827,-0.150069
15.652763,0.931778,2.362443,0.210388
14.692832,0.760633,1.402512,0.039243
15.25061,0.95064,1.96029,0.22925
10.979244,0.433031,-2.311076,-0.288359
8.355086,0.605309,-4.935234,-0.116081
14.812568,0.755709,1.522248,0.034319
15.167679,0.777775,1.877359,0.056385
14.734644,0.760535,1.444324,0.039145
13.250859,0.639314,-0.039461,-0.082076
13.191791,0.735992,-0.098529,0.014602
14.736835,0.842018,1.446515,0.120628
14.202146,0.654248,0.911826,-0.067142
14.837726,0.6625,1.547406,-0.05889
16.739567,1.392709,3.449247,0.671319
12.523183,0.619685,-0.767137,-0.101705
12.98807,0.58445,-0.30225,-0.13694
14.841224,0.720616,1.550904,-7.74E-04
16.11333,1.334438,2.82301,0.613048
13.714511,0.577245,0.424191,-0.144145
15.388432,1.005596,2.098112,0.284206
14.471223,0.774453,1.180903,0.053063
12.168809,0.44968,-1.121511,-0.27171
15.286654,0.899235,1.996334,0.177845
14.540841,0.655651,1.250521,-0.065739
14.753518,0.706537,1.463198,-0.014853
15.852049,1.142112,2.561729,0.420722
15.724185,1.147144,2.433865,0.425754
14.692457,0.852315,1.402137,0.130925
14.05429,0.755041,0.76397,0.033651
16.54154,1.614976,3.25122,0.893586
14.644902,0.785128,1.354582,0.063738
15.155363,0.799806,1.865043,0.078416
15.646639,0.941294,2.356319,0.219904
13.539215,0.693172,0.248895,-0.028218
13.838891,0.665896,0.548571,-0.055494
14.629354,0.770005,1.339034,0.048615
15.191295,0.898189,1.900975,0.176799
14.284006,0.817364,0.993686,0.095974
14.98203,0.683326,1.69171,-0.038064
16.438469,1.416846,3.148149,0.695456
15.336162,0.894255,2.045842,0.172865
13.646791,0.614552,0.356471,-0.106838
16.402828,1.234244,3.112508,0.512854
16.296267,1.075953,3.005947,0.354563
16.303036,1.282598,3.012716,0.561208
12.277204,0.532137,-1.013116,-0.189253
15.588414,0.973768,2.298094,0.252378
15.725924,1.134934,2.435604,0.413544
16.813847,1.30154,3.523527,0.58015
15.093505,0.829053,1.803185,0.107663
13.56107,0.781848,0.27075,0.060458
16.194168,1.246779,2.903848,0.525389
16.096045,1.243094,2.805725,0.521704
14.788864,0.756544,1.498544,0.035154
15.131225,1.027931,1.840905,0.306541
15.879901,1.174969,2.589581,0.453579
13.517262,0.606336,0.226942,-0.115054
14.501112,0.688271,1.210792,-0.033119
15.539561,0.911006,2.249241,0.189616
14.779912,0.805887,1.489592,0.084497
15.743211,1.106715,2.452891,0.385325
16.11802,1.168766,2.8277,0.447376
13.000031,0.746882,-0.290289,0.025492
15.365124,0.923347,2.074804,0.201957
11.56899,0.532047,-1.72133,-0.189343
16.062855,1.168355,2.772535,0.446965
15.647054,0.92499,2.356734,0.2036
15.003252,1.05482,1.712932,0.33343
12.742118,0.550051,-0.548202,-0.171339
15.042767,0.848902,1.752447,0.127512
14.210698,0.791742,0.920378,0.070352
14.813823,0.861142,1.523503,0.139752
15.035222,0.93048,1.744902,0.20909
15.478745,0.998761,2.188425,0.277371
13.630214,0.672493,0.339894,-0.048897
16.743284,1.576445,3.452964,0.855055
14.704161,0.818352,1.413841,0.096962
13.416924,0.483825,0.126604,-0.237565
13.80048,0.748697,0.51016,0.027307
16.081728,1.299075,2.791408,0.577685
15.013081,1.085437,1.722761,0.364047
14.848074,1.128508,1.557754,0.407118
13.212851,0.599802,-0.077469,-0.121588
14.379248,0.672602,1.088928,-0.048788
16.374563,1.393847,3.084243,0.672457
15.414854,1.278855,2.124534,0.557465
14.627472,0.793276,1.337152,0.071886
14.174841,0.739777,0.884521,0.018387
15.425126,0.905422,2.134806,0.184032
14.700109,0.832208,1.409789,0.110818
14.550651,0.851425,1.260331,0.130035
12.424173,0.606568,-0.866147,-0.114822
12.366285,0.355731,-0.924035,-0.365659
15.311072,0.873475,2.020752,0.152085
15.529733,0.918098,2.239413,0.196708
15.287068,0.94454,1.996748,0.22315
16.219782,1.286916,2.929462,0.565526
9.902083,0.448507,-3.388237,-0.272883
15.410661,0.850303,2.120341,0.128913
16.321987,1.241242,3.031667,0.519852
14.179003,0.52267,0.888683,-0.19872
15.588001,0.943394,2.297681,0.222004
14.276447,0.930481,0.986127,0.209091
16.844473,1.597671,3.554153,0.876281
14.00881,0.585129,0.71849,-0.136261
16.153168,1.280734,2.862848,0.559344
16.564064,1.284696,3.273744,0.563306
15.445813,0.947759,2.155493,0.226369
16.143768,1.204175,2.853448,0.482785
14.184947,0.675548,0.894627,-0.045842
14.992246,0.861019,1.701926,0.139629
11.976246,0.2959,-1.314074,-0.42549
14.450215,0.852205,1.159895,0.130815
14.607652,0.68343,1.317332,-0.03796
15.480168,0.91305,2.189848,0.19166
14.537692,0.674505,1.247372,-0.046885
13.352068,0.668437,0.061748,-0.052953
13.959706,0.58559,0.669386,-0.1358
14.256217,0.607287,0.965897,-0.114103
12.058635,0.579727,-1.231685,-0.141663
10.793612,0.42954,-2.496708,-0.29185
13.643906,0.657043,0.353586,-0.064347
14.82383,0.834029,1.53351,0.112639
10.363597,0.448786,-2.926723,-0.272604
17.120102,1.528633,3.829782,0.807243
15.159422,1.113778,1.869102,0.392388
13.855842,0.6492,0.565522,-0.07219
14.753922,0.750437,1.463602,0.029047
15.796033,1.1229,2.505713,0.40151
13.399304,0.666983,0.108984,-0.054407
13.337334,0.660909,0.047014,-0.060481
15.119806,0.947754,1.829486,0.226364
13.907654,0.712042,0.617334,-9.35E-03
16.858908,1.388861,3.568588,0.667471
15.418736,0.890257,2.128416,0.168867
9.180675,0.584131,-4.109645,-0.137259
12.69788,0.602343,-0.59244,-0.119047
9.460826,0.491665,-3.829494,-0.229725
6.436751,0.712499,-6.853569,-8.89E-03
15.422078,0.825151,2.131758,0.103761
15.18828,0.857819,1.89796,0.136429
14.464466,0.749877,1.174146,0.028487
15.419971,0.888193,2.129651,0.166803
14.247444,0.63484,0.957124,-0.08655
15.397819,0.959188,2.107499,0.237798
14.251283,0.925409,0.960963,0.204019
14.795597,0.981459,1.505277,0.260069
14.1717,0.783443,0.88138,0.062053
14.879683,0.6964,1.589363,-0.02499
12.968885,1.435611,-0.321435,0.714221
14.738588,0.72262,1.448268,1.23E-03
14.61176,0.904888,1.32144,0.183498
16.839033,1.382858,3.548713,0.661468
16.481697,1.283112,3.191377,0.561722
15.330275,0.846999,2.039955,0.125609
14.513446,0.82256,1.223126,0.10117
15.206911,0.886609,1.916591,0.165219
15.117753,0.819795,1.827433,0.098405
15.756528,1.043307,2.466208,0.321917
15.277979,0.803887,1.987659,0.082497
14.08882,0.637618,0.7985,-0.083772
13.165512,0.467731,-0.124808,-0.253659
12.332922,0.3745,-0.957398,-0.34689
14.887027,0.70239,1.596707,-0.019
13.200358,0.4739,-0.089962,-0.24749
15.049094,0.810872,1.758774,0.089482
10.874249,0.808113,-2.416071,0.086723
10.843237,0.67086,-2.447083,-0.05053
13.888949,0.673204,0.598629,-0.048186
15.881798,1.051065,2.591478,0.329675
14.688034,0.821545,1.397714,0.100155
11.914189,0.454329,-1.376131,-0.267061
10.738786,0.574515,-2.551534,-0.146875
14.413548,0.832359,1.123228,0.110969
14.203247,0.671657,0.912927,-0.049733
12.205882,0.466682,-1.084438,-0.254708
10.690744,0.517375,-2.599576,-0.204015
14.550006,0.667422,1.259686,-0.053968
12.559162,0.558958,-0.731158,-0.162432
14.045328,0.75153,0.755008,0.03014
16.728186,1.356342,3.437866,0.634952
14.632925,0.648737,1.342605,-0.072653
15.037821,0.655386,1.747501,-0.066004
15.823562,1.155753,2.533242,0.434363
13.539227,0.62201,0.248907,-0.09938
16.125486,0.987398,2.835166,0.266008
14.952297,0.748241,1.661977,0.026851
14.175489,0.752422,0.885169,0.031032
14.476894,0.616002,1.186574,-0.105388
16.167284,1.291218,2.876964,0.569828
14.860081,0.758204,1.569761,0.036814
14.660718,0.754398,1.370398,0.033008
14.21101,0.856276,0.92069,0.134886
14.356748,0.774108,1.066428,0.052718
16.301374,1.316983,3.011054,0.595593
15.667397,0.929465,2.377077,0.208075
14.853823,0.929754,1.563503,0.208364
13.997642,0.7005,0.707322,-0.02089
12.771394,0.591131,-0.518926,-0.130259
15.80838,1.108696,2.51806,0.387306
15.731916,0.969255,2.441596,0.247865
12.185251,0.497782,-1.105069,-0.223608
13.437068,0.609903,0.146748,-0.111487
13.116046,0.668833,-0.174274,-0.052557
14.53012,0.810927,1.2398,0.089537
15.846233,1.115472,2.555913,0.394082
15.767952,1.042387,2.477632,0.320997
14.955384,0.811117,1.665064,0.089727
14.235569,0.705973,0.945249,-0.015417
14.408327,0.786853,1.118007,0.065463
16.206787,1.2361,2.916467,0.51471
14.083702,0.789874,0.793382,0.068484
14.079779,0.651675,0.789459,-0.069715
15.292467,0.955224,2.002147,0.233834
16.638483,1.373869,3.348163,0.652479
16.368181,1.516007,3.077861,0.794617
12.800557,0.582827,-0.489763,-0.138563
16.882202,1.37488,3.591882,0.65349
15.293024,0.944663,2.002704,0.223273
14.950513,0.863357,1.660193,0.141967
17.031878,1.374737,3.741558,0.653347
13.509884,0.797907,0.219564,0.076517
12.451392,0.723219,-0.838928,1.83E-03
12.551526,0.674622,-0.738794,-0.046768
14.64294,0.755703,1.35262,0.034313
16.69018,1.308666,3.39986,0.587276
15.932288,1.231496,2.641968,0.510106
15.829257,1.172807,2.538937,0.451417
15.818768,1.071696,2.528448,0.350306
12.371753,0.396996,-0.918567,-0.324394
15.127928,1.337235,1.837608,0.615845
13.906486,0.727378,0.616166,5.99E-03
16.63714,1.408118,3.34682,0.686728
13.69085,0.639626,0.40053,-0.081764
15.045806,0.869677,1.755486,0.148287
16.433378,1.199047,3.143058,0.477657
14.361598,0.777548,1.071278,0.056158
15.281182,0.874241,1.990862,0.152851
9.856458,0.530775,-3.433862,-0.190615
11.979924,0.521793,-1.310396,-0.199597
14.934951,0.894903,1.644631,0.173513
14.730847,0.705045,1.440527,-0.016345
14.198398,0.719464,0.908078,-1.93E-03
14.76138,0.874647,1.47106,0.153257
14.92877,0.810276,1.63845,0.088886
14.694643,0.630779,1.404323,-0.090611
13.721268,0.919579,0.430948,0.198189
13.309151,0.596942,0.018831,-0.124448
14.564317,0.952698,1.273997,0.231308
11.765206,0.533718,-1.525114,-0.187672
13.775965,0.706265,0.485645,-0.015125
15.008821,0.815302,1.718501,0.093912
15.65974,1.262372,2.36942,0.540982
15.504312,1.156951,2.213992,0.435561
12.656115,0.591495,-0.634205,-0.129895
12.448749,0.36508,-0.841571,-0.35631
13.968918,0.773353,0.678598,0.051963
16.531456,1.530227,3.241136,0.808837
14.199967,0.645464,0.909647,-0.075926
14.518541,0.682245,1.228221,-0.039145
12.415597,0.622253,-0.874723,-0.099137
13.51616,0.547248,0.22584,-0.174142
15.425939,0.883055,2.135619,0.161665
15.621483,1.065087,2.331163,0.343697
14.902902,0.784824,1.612582,0.063434
17.35044,1.693407,4.06012,0.972017
13.051249,0.605767,-0.239071,-0.115623
15.41075,1.011484,2.12043,0.290094
11.754906,0.478647,-1.535414,-0.242743
16.756237,1.320814,3.465917,0.599424
13.643722,0.722693,0.353402,1.30E-03
15.871607,1.122444,2.581287,0.401054
15.787244,1.15015,2.496924,0.42876
15.024152,0.867818,1.733832,0.146428
10.940348,0.743849,-2.349972,0.022459
16.752594,1.594562,3.462274,0.873172
16.614616,1.286516,3.324296,0.565126
15.682079,1.035523,2.391759,0.314133
13.509857,0.629548,0.219537,-0.091842
13.91334,0.767711,0.62302,0.046321
13.735223,0.557469,0.444903,-0.163921
15.583075,1.233484,2.292755,0.512094
15.802978,1.094864,2.512658,0.373474
12.024322,0.533467,-1.265998,-0.187923
11.89788,0.613584,-1.39244,-0.107806
15.069276,0.892212,1.778956,0.170822
15.120427,0.863434,1.830107,0.142044
15.65747,0.985896,2.36715,0.264506
16.251993,1.189937,2.961673,0.468547
12.685178,0.532481,-0.605142,-0.188909
12.941776,0.614918,-0.348544,-0.106472
16.25498,1.399725,2.96466,0.678335
10.376754,0.516979,-2.913566,-0.204411
15.397651,1.010214,2.107331,0.288824
14.234862,0.589827,0.944542,-0.131563
15.591507,0.87699,2.301187,0.1556
15.651332,1.058325,2.361012,0.336935
14.304873,0.638786,1.014553,-0.082604
14.842765,0.927266,1.552445,0.205876
14.627401,0.733134,1.337081,0.011744
15.449705,0.880357,2.159385,0.158967
15.109352,0.753693,1.819032,0.032303
15.501703,0.913127,2.211383,0.191737
12.629443,0.407101,-0.660877,-0.314289
14.072046,0.803754,0.781726,0.082364
14.815103,0.790728,1.524783,0.069338
15.722234,0.968924,2.431914,0.247534
14.104042,0.727522,0.813722,6.13E-03
13.610375,0.576872,0.320055,-0.144518
15.496396,0.892774,2.206076,0.171384
12.289188,0.414031,-1.001132,-0.307359
12.531539,0.531239,-0.758781,-0.190151
15.132721,0.789845,1.842401,0.068455
16.346169,1.201313,3.055849,0.479923
15.691253,1.015367,2.400933,0.293977
10.795519,0.502305,-2.494801,-0.219085
16.296804,1.209661,3.006484,0.488271
16.041536,1.331079,2.751216,0.609689
15.31952,0.790589,2.0292,0.069199
14.537078,0.732224,1.246758,0.010834
14.253201,0.681645,0.962881,-0.039745
13.962101,0.60974,0.671781,-0.11165
14.531237,0.727902,1.240917,6.51E-03
17.467705,1.62014,4.177385,0.89875
14.856339,0.842992,1.566019,0.121602
12.37149,0.583151,-0.91883,-0.138239
12.483051,0.763213,-0.807269,0.041823
12.777803,0.884609,-0.512517,0.163219
16.145021,1.224236,2.854701,0.502846
17.078897,1.608257,3.788577,0.886867
15.908384,1.264621,2.618064,0.543231
16.7908,1.370461,3.50048,0.649071
10.631181,0.525068,-2.659139,-0.196322
14.893146,0.756599,1.602826,0.035209
15.927465,1.201684,2.637145,0.480294
15.822529,1.131126,2.532209,0.409736
12.374036,0.461705,-0.916284,-0.259685
14.704474,0.807408,1.414154,0.086018
14.474351,0.77707,1.184031,0.05568
15.032941,0.745052,1.742621,0.023662
15.230597,0.918038,1.940277,0.196648
16.465263,1.517117,3.174943,0.795727
15.065576,0.806253,1.775256,0.084863
14.594783,0.751982,1.304463,0.030592
13.802711,0.663298,0.512391,-0.058092
15.588711,0.911973,2.298391,0.190583
14.192667,0.574638,0.902347,-0.146752
11.842163,0.48711,-1.448157,-0.23428
10.449691,0.442591,-2.840629,-0.278799
14.327635,0.616098,1.037315,-0.105292
12.067343,0.353474,-1.222977,-0.367916
13.315581,0.661753,0.025261,-0.059637
10.244689,0.589217,-3.045631,-0.132173
14.705357,0.605555,1.415037,-0.115835
14.917278,0.696895,1.626958,-0.024495
12.371842,0.459045,-0.918478,-0.262345
15.187235,0.695957,1.896915,-0.025433
15.629342,0.896495,2.339022,0.175105
13.501269,0.476233,0.210949,-0.245157
16.03618,1.074388,2.74586,0.352998
14.578208,0.790596,1.287888,0.069206
14.451148,0.663504,1.160828,-0.057886
16.595991,1.484625,3.305671,0.763235
16.233656,1.340032,2.943336,0.618642
15.344421,0.950886,2.054101,0.229496
12.327249,0.496183,-0.963071,-0.225207
14.487435,0.711146,1.197115,-0.010244
13.571942,0.731936,0.281622,0.010546
16.538805,1.248844,3.248485,0.527454
15.749181,1.054858,2.458861,0.333468
12.697267,0.584905,-0.593053,-0.136485
12.027639,0.619565,-1.262681,-0.101825
16.687725,1.614914,3.397405,0.893524
13.891418,0.599612,0.601098,-0.121778
15.364304,0.804688,2.073984,0.083298
12.728951,0.454806,-0.561369,-0.266584
16.343212,1.545803,3.052892,0.824413
15.788518,1.072351,2.498198,0.350961
16.604855,1.427513,3.314535,0.706123
14.473431,0.682696,1.183111,-0.038694
14.965805,0.814796,1.675485,0.093406
15.898681,1.083686,2.608361,0.362296
16.083813,1.169719,2.793493,0.448329
14.668924,0.686898,1.378604,-0.034492
17.201988,1.480013,3.911668,0.758623
16.405453,1.169555,3.115133,0.448165
15.617685,0.985966,2.327365,0.264576
16.249788,1.327265,2.959468,0.605875
13.570079,0.609009,0.279759,-0.112381
14.35967,0.792475,1.06935,0.071085
15.614856,0.98638,2.324536,0.26499
12.811595,0.687241,-0.478725,-0.034149
15.786226,1.027827,2.495906,0.306437
16.060297,1.159926,2.769977,0.438536
13.210835,0.653421,-0.079485,-0.067969
16.801867,1.343275,3.511547,0.621885
15.558228,0.892337,2.267908,0.170947
15.119896,0.840744,1.829576,0.119354
14.47205,0.714356,1.18173,-7.03E-03
15.091715,0.850884,1.801395,0.129494
15.700421,1.060571,2.410101,0.339181
16.868147,1.30992,3.577827,0.58853
15.639193,0.949492,2.348873,0.228102
15.817917,1.134646,2.527597,0.413256
11.427032,0.496355,-1.863288,-0.225035
16.56531,1.23212,3.27499,0.51073
15.355433,0.968195,2.065113,0.246805
12.21105,0.526236,-1.07927,-0.195154
17.670238,1.726963,4.379918,1.005573
15.499658,0.991824,2.209338,0.270434
14.631541,0.713324,1.341221,-8.07E-03
15.03335,0.892986,1.74303,0.171596
17.104858,1.654112,3.814538,0.932722
16.117964,1.18572,2.827644,0.46433
16.420477,1.295732,3.130157,0.574342
13.730145,0.730954,0.439825,9.56E-03
17.627445,1.637356,4.337125,0.915966
15.993318,1.576093,2.702998,0.854703
16.714273,1.493583,3.423953,0.772193
11.29857,0.353465,-1.99175,-0.367925
12.97633,0.586364,-0.31399,-0.135026
13.44919,0.544154,0.15887,-0.177236
13.94031,0.668252,0.64999,-0.053138
15.497012,0.876022,2.206692,0.154632
15.496832,0.923055,2.206512,0.201665
14.831628,0.753486,1.541308,0.032096
14.477213,0.678989,1.186893,-0.042401
15.403532,0.885332,2.113212,0.163942
15.814292,1.03254,2.523972,0.31115
16.807127,1.344187,3.516807,0.622797
17.332094,1.562557,4.041774,0.841167
14.001376,0.723527,0.711056,2.14E-03
14.336256,0.749582,1.045936,0.028192
16.765318,1.471073,3.474998,0.749683
13.531171,0.679276,0.240851,-0.042114
15.962898,1.139832,2.672578,0.418442
13.040493,0.529719,-0.249827,-0.191671
16.599926,1.294952,3.309606,0.573562
15.063164,0.913647,1.772844,0.192257
15.619071,0.856888,2.328751,0.135498
16.771978,1.205091,3.481658,0.483701
15.801183,1.298066,2.510863,0.576676
15.359256,0.830518,2.068936,0.109128
14.690695,0.817866,1.400375,0.096476
16.471735,1.519025,3.181415,0.797635
16.511002,1.216872,3.220682,0.495482
14.61142,0.808774,1.3211,0.087384
15.075875,0.78395,1.785555,0.06256
12.651218,0.545527,-0.639102,-0.175863
16.422268,1.256139,3.131948,0.534749
14.356682,0.709158,1.066362,-0.012232
16.868732,1.418934,3.578412,0.697544
16.594978,1.316981,3.304658,0.595591
15.840577,1.099978,2.550257,0.378588
13.655724,0.69667,0.365404,-0.02472
17.829824,1.656889,4.539504,0.935499
13.340903,0.59981,0.050583,-0.12158
13.984034,0.693246,0.693714,-0.028144
12.996785,0.366703,-0.293535,-0.354687
15.633941,0.917896,2.343621,0.196506
15.040029,1.092129,1.749709,0.370739
15.240133,0.72708,1.949813,5.69E-03
12.568023,0.409547,-0.722297,-0.311843
16.239597,1.064129,2.949277,0.342739
16.47583,1.271943,3.18551,0.550553
15.714416,0.995612,2.424096,0.274222
15.452029,0.891347,2.161709,0.169957
14.982051,1.04492,1.691731,0.32353
16.03814,1.133225,2.74782,0.411835
15.845743,1.021645,2.555423,0.300255
16.5381,1.273919,3.24778,0.552529
14.019255,0.708256,0.728935,-0.013134
13.954992,0.774496,0.664672,0.053106
14.760137,0.622241,1.469817,-0.099149
13.127615,0.53987,-0.162705,-0.18152
15.211688,0.892308,1.921368,0.170918
10.44579,0.41788,-2.84453,-0.30351
15.925308,1.090826,2.634988,0.369436
16.802221,1.427348,3.511901,0.705958
16.763758,1.346472,3.473438,0.625082
15.924495,1.018645,2.634175,0.297255
10.858016,0.389008,-2.432304,-0.332382
13.572271,0.563618,0.281951,-0.157772
16.61124,1.39546,3.32092,0.67407
16.818102,1.501922,3.527782,0.780532
13.653721,0.637365,0.363401,-0.084025
15.275118,0.765709,1.984798,0.044319
16.170898,1.160964,2.880578,0.439574
13.018151,0.551416,-0.272169,-0.169974
13.389777,0.501149,0.099457,-0.220241
14.178823,0.593339,0.888503,-0.128051
16.765242,1.370399,3.474922,0.649009
15.427439,0.906892,2.137119,0.185502
17.13466,1.588423,3.84434,0.867033
15.79463,1.021292,2.50431,0.299902
14.483652,0.889037,1.193332,0.167647
14.355285,0.718422,1.064965,-2.97E-03
13.892621,0.65209,0.602301,-0.0693
15.97395,1.069643,2.68363,0.348253
13.373936,0.594779,0.083616,-0.126611
15.051728,0.733318,1.761408,0.011928
17.038328,1.43615,3.748008,0.71476
15.652015,1.022135,2.361695,0.300745
16.494942,1.30707,3.204622,0.58568
13.851309,0.615057,0.560989,-0.106333
12.327783,0.591737,-0.962537,-0.129653
13.340288,0.612527,0.049968,-0.108863
12.3137,0.549633,-0.97662,-0.171757
15.613412,1.30185,2.323092,0.58046
15.747327,1.066884,2.457007,0.345494
14.303843,0.829608,1.013523,0.108218
13.808905,0.725466,0.518585,4.08E-03
16.109556,1.25181,2.819236,0.53042
15.410451,0.955844,2.120131,0.234454
15.402836,0.84744,2.112516,0.12605
15.88649,1.097769,2.59617,0.376379
14.272685,0.945281,0.982365,0.223891
14.559813,0.871186,1.269493,0.149796
16.29711,1.214912,3.00679,0.493522
14.637048,0.779732,1.346728,0.058342
9.277315,0.559303,-4.013005,-0.162087
10.376941,0.348615,-2.913379,-0.372775
16.516111,1.248166,3.225791,0.526776
14.09839,0.739329,0.80807,0.017939
15.699417,1.048084,2.409097,0.326694
16.886837,1.439734,3.596517,0.718344
15.502245,0.854191,2.211925,0.132801
12.589449,0.603501,-0.700871,-0.117889
9.722717,0.517909,-3.567603,-0.203481
14.925648,1.052806,1.635328,0.331416
16.5284,1.293183,3.23808,0.571793
14.02634,0.842731,0.73602,0.121341
13.836108,0.713886,0.545788,-7.50E-03
16.187597,1.130867,2.897277,0.409477
17.06659,1.497463,3.77627,0.776073
14.616465,0.734536,1.326145,0.013146
15.874792,1.094253,2.584472,0.372863
14.534328,0.829313,1.244008,0.107923
16.37203,1.350353,3.08171,0.628963
17.429783,1.591221,4.139463,0.869831
14.715154,1.032033,1.424834,0.310643
12.725465,0.564471,-0.564855,-0.156919
14.721048,0.933497,1.430728,0.212107
16.112514,1.261984,2.822194,0.540594
13.975947,0.821776,0.685627,0.100386
15.125436,0.798625,1.835116,0.077235
14.585707,0.940076,1.295387,0.218686
17.872267,1.63945,4.581947,0.91806
16.222502,1.279169,2.932182,0.557779
15.590715,1.003896,2.300395,0.282506
16.453175,1.532989,3.162855,0.811599
10.167315,0.377844,-3.123005,-0.343546
13.857739,0.58819,0.567419,-0.1332
16.90543,1.499107,3.61511,0.777717
16.02306,1.323455,2.73274,0.602065
13.04365,0.589725,-0.24667,-0.131665
15.890907,1.055298,2.600587,0.333908
14.313251,0.741868,1.022931,0.020478
16.638859,1.549602,3.348539,0.828212
15.288503,0.947156,1.998183,0.225766
17.006096,1.75075,3.715776,1.02936
12.249274,0.631847,-1.041046,-0.089543
16.140203,1.437214,2.849883,0.715824
13.831881,0.859795,0.541561,0.138405
15.608537,1.001395,2.318217,0.280005
12.674624,0.542648,-0.615696,-0.178742
16.241566,1.178542,2.951246,0.457152
15.928336,1.126749,2.638016,0.405359
13.982743,0.983528,0.692423,0.262138
15.717701,1.11579,2.427381,0.3944
15.51388,0.981071,2.22356,0.259681
15.375029,0.891818,2.084709,0.170428
14.605576,0.940577,1.315256,0.219187
15.572768,0.946941,2.282448,0.225551
16.418524,1.279532,3.128204,0.558142
12.940772,0.486269,-0.349548,-0.235121
13.340795,0.55979,0.050475,-0.1616
16.708336,1.299233,3.418016,0.577843
15.190414,0.865893,1.900094,0.144503
13.119136,0.414752,-0.171184,-0.306638
16.467806,1.284198,3.177486,0.562808
14.866071,0.84253,1.575751,0.12114
15.442694,0.99314,2.152374,0.27175
16.169413,1.323897,2.879093,0.602507
15.416323,0.961022,2.126003,0.239632
13.070663,0.457822,-0.219657,-0.263568
16.75152,1.337028,3.4612,0.615638
16.594032,1.319555,3.303712,0.598165
13.153596,0.517211,-0.136724,-0.204179
16.182755,1.161177,2.892435,0.439787
17.460674,1.409241,4.170354,0.687851
12.428536,0.533692,-0.861784,-0.187698
9.882385,0.552872,-3.407935,-0.168518
12.491875,0.584384,-0.798445,-0.137006
12.339608,0.400253,-0.950712,-0.321137
12.535573,0.461396,-0.754747,-0.259994
15.621758,0.963687,2.331438,0.242297
14.753477,0.827982,1.463157,0.106592
17.152166,1.458866,3.861846,0.737476
14.166336,0.901631,0.876016,0.180241
12.874051,0.633642,-0.416269,-0.087748
16.36662,1.251449,3.0763,0.530059
15.895939,1.096182,2.605619,0.374792
14.337433,0.713469,1.047113,-7.92E-03
15.686376,1.325688,2.396056,0.604298
11.079428,0.529206,-2.210892,-0.192184
16.713125,1.566371,3.422805,0.844981
13.00767,0.5235,-0.28265,-0.19789
15.429079,0.909648,2.138759,0.188258
16.923101,1.465239,3.632781,0.743849
11.344397,0.578049,-1.945923,-0.143341
14.740367,0.926837,1.450047,0.205447
14.819394,0.849231,1.529074,0.127841
16.43009,1.251525,3.13977,0.530135
16.144463,1.184822,2.854143,0.463432
17.60691,1.861387,4.31659,1.139997
14.710298,0.981816,1.419978,0.260426
14.68648,0.711405,1.39616,-9.99E-03
17.616049,1.608025,4.325729,0.886635
14.541997,0.897808,1.251677,0.176418
16.81448,1.449934,3.52416,0.728544
10.905639,0.447808,-2.384681,-0.273582
14.992773,0.962136,1.702453,0.240746
15.965446,1.436858,2.675126,0.715468
16.642012,1.552965,3.351692,0.831575
16.663408,1.500677,3.373088,0.779287
14.302013,0.719257,1.011693,-2.13E-03
15.871637,1.401355,2.581317,0.679965
17.631498,1.645281,4.341178,0.923891
15.084803,0.875107,1.794483,0.153717
16.705807,1.520212,3.415487,0.798822
15.494608,0.89054,2.204288,0.16915
15.316292,1.110146,2.025972,0.388756
16.598946,1.573251,3.308626,0.851861
17.64335,1.704748,4.35303,0.983358
15.711008,1.07015,2.420688,0.34876
16.07624,1.272736,2.78592,0.551346
17.580133,1.654934,4.289813,0.933544
15.533769,1.134268,2.243449,0.412878
17.978148,1.759594,4.687828,1.038204
14.365903,0.801879,1.075583,0.080489
15.672421,0.999907,2.382101,0.278517
13.704322,0.539926,0.414002,-0.181464
16.224182,1.173465,2.933862,0.452075
12.950695,0.548609,-0.339625,-0.172781
10.900164,0.656165,-2.390156,-0.065225
16.678406,1.46457,3.388086,0.74318
17.057463,1.299643,3.767143,0.578253
10.071683,0.442306,-3.218637,-0.279084
17.052813,1.641083,3.762493,0.919693
16.07743,1.019585,2.78711,0.298195
16.062626,1.280051,2.772306,0.558661
13.696116,0.71439,0.405796,-7.00E-03
15.131284,0.860085,1.840964,0.138695
15.439089,0.919151,2.148769,0.197761
16.568544,1.358365,3.278224,0.636975
15.939528,1.434459,2.649208,0.713069
16.228577,1.190874,2.938257,0.469484
15.050995,0.771945,1.760675,0.050555
16.104982,1.157549,2.814662,0.436159
13.068228,0.65062,-0.222092,-0.07077
15.413744,0.943214,2.123424,0.221824
17.211912,1.683626,3.921592,0.962236
15.170504,0.715113,1.880184,-6.28E-03
13.666516,0.626775,0.376196,-0.094615
13.084875,0.646121,-0.205445,-0.075269
15.338786,0.873231,2.048466,0.151841
17.224806,1.456017,3.934486,0.734627
16.465136,1.315253,3.174816,0.593863
15.029339,1.112454,1.739019,0.391064
15.903113,1.024276,2.612793,0.302886
16.717907,1.598867,3.427587,0.877477
15.419149,1.154965,2.128829,0.433575
15.580532,1.02786,2.290212,0.30647
13.413834,0.629478,0.123514,-0.091912
15.444258,0.931973,2.153938,0.210583
17.415022,1.599703,4.124702,0.878313
11.125327,0.336761,-2.164993,-0.384629
16.705137,1.453013,3.414817,0.731623
16.138567,1.150888,2.848247,0.429498
16.76241,1.376277,3.47209,0.654887
17.243538,1.570971,3.953218,0.849581
11.204694,0.558793,-2.085626,-0.162597
15.634503,0.977984,2.344183,0.256594
15.667448,1.12275,2.377128,0.40136
17.457329,1.677492,4.167009,0.956102
16.061502,1.156804,2.771182,0.435414
17.33072,1.65122,4.0404,0.92983
16.59324,1.325681,3.30292,0.604291
15.730391,1.026166,2.440071,0.304776
17.034697,1.382666,3.744377,0.661276
11.509821,0.526016,-1.780499,-0.195374
15.55694,0.8513,2.26662,0.12991
15.797241,1.039382,2.506921,0.317992
17.655489,1.686924,4.365169,0.965534
16.460163,1.249901,3.169843,0.528511
15.100292,0.826705,1.809972,0.105315
16.86616,1.443552,3.57584,0.722162
16.269032,1.362572,2.978712,0.641182
11.894137,0.663766,-1.396183,-0.057624
11.210986,0.527542,-2.079334,-0.193848
15.521825,0.92758,2.231505,0.20619
14.540656,0.840231,1.250336,0.118841
17.57105,1.615818,4.28073,0.894428
15.62654,1.083486,2.33622,0.362096
15.376378,0.853804,2.086058,0.132414
16.92494,1.560091,3.63462,0.838701
14.851439,1.010488,1.561119,0.289098
17.102694,1.554165,3.812374,0.832775
14.109792,0.638408,0.819472,-0.082982
15.806657,1.232614,2.516337,0.511224
17.434023,1.442022,4.143703,0.720632
17.095861,1.688385,3.805541,0.966995
16.360088,1.284811,3.069768,0.563421
15.68981,0.952303,2.39949,0.230913
16.320019,1.177024,3.029699,0.455634
17.499607,1.586143,4.209287,0.864753
17.417034,1.551285,4.126714,0.829895
17.052336,1.552675,3.762016,0.831285
15.566574,0.948178,2.276254,0.226788
16.873173,1.464161,3.582853,0.742771
16.04952,1.080802,2.7592,0.359412
15.674109,1.296927,2.383789,0.575537
16.424295,1.447634,3.133975,0.726244
16.298315,1.362298,3.007995,0.640908
16.089088,1.146235,2.798768,0.424845
12.801252,0.682498,-0.489068,-0.038892
16.051912,1.184618,2.761592,0.463228
15.950545,1.113179,2.660225,0.391789
15.502523,0.926605,2.212203,0.205215
17.569923,1.676813,4.279603,0.955423
15.628442,0.906745,2.338122,0.185355
9.77701,0.474112,-3.51331,-0.247278
9.65196,0.464831,-3.63836,-0.256559
13.365161,0.655743,0.074841,-0.065647
15.441671,0.968932,2.151351,0.247542
11.169042,0.454794,-2.121278,-0.266596
17.404247,1.7593,4.113927,1.03791
16.70819,1.469659,3.41787,0.748269
17.073278,1.620258,3.782958,0.898868
16.455536,1.630596,3.165216,0.909206
16.482813,1.370851,3.192493,0.649461
14.634842,0.739445,1.344522,0.018055
16.12326,1.184841,2.83294,0.463451
16.208935,1.221114,2.918615,0.499724
17.205051,1.596256,3.914731,0.874866
11.678846,0.441385,-1.611474,-0.280005
15.933648,1.073347,2.643328,0.351957
14.925033,0.797689,1.634713,0.076299
16.549526,1.381198,3.259206,0.659808
14.976638,0.733397,1.686318,0.012007
16.887762,1.318682,3.597442,0.597292
16.162498,1.163974,2.872178,0.442584
16.53818,1.21106,3.24786,0.48967
15.670422,1.038046,2.380102,0.316656
16.491299,1.300635,3.200979,0.579245
14.109832,0.792067,0.819512,0.070677
16.594868,1.318616,3.304548,0.597226
15.313403,0.814151,2.023083,0.092761
10.862224,0.636658,-2.428096,-0.084732
14.275217,0.639236,0.984897,-0.082154
14.949847,0.828577,1.659527,0.107187
16.504877,1.261737,3.214557,0.540347
16.258904,1.22128,2.968584,0.49989
15.87634,1.085857,2.58602,0.364467
15.422621,0.928836,2.132301,0.207446
16.123604,1.212006,2.833284,0.490616
17.397673,1.305508,4.107353,0.584118
16.641314,1.572726,3.350994,0.851336
12.781202,0.504425,-0.509118,-0.216965
11.186663,0.356747,-2.103657,-0.364643
16.317314,1.279103,3.026994,0.557713
11.977483,0.528852,-1.312837,-0.192538
15.725256,1.025071,2.434936,0.303681
15.761542,1.014945,2.471222,0.293555
14.669673,0.947646,1.379353,0.226256