logTeff_1,logL_1,Stage_1,logTeff_3,logL_3,Stage_3,logTeff_10,logL_10,Stage_10,logTeff_30,logL_30,Stage_30
3.758228479,0.055045417,1,3.980473979,2.123548645,1,4.302868789,3.98017831,1,4.46197041,5.313529923,1
3.758722099,0.062794318,1,3.978905138,2.129144961,1,4.301811377,3.985506074,1,4.459108926,5.321498019,1
3.759199746,0.070503938,1,3.977346311,2.134798563,1,4.30075614,3.990829086,1,4.456213056,5.329265479,1
3.759658157,0.078179478,1,3.975815904,2.140593179,1,4.299702967,3.996142499,1,4.453286263,5.336857136,1
3.760097572,0.085825979,1,3.974344182,2.146668648,1,4.298663839,4.001494431,1,4.450332463,5.344291034,1
3.760517539,0.093431175,1,3.97299006,2.153260221,1,4.297644145,4.006891378,1,4.447353136,5.35157507,1
3.760915259,0.100973061,1,3.971895366,2.160829591,1,4.296662968,4.012391065,1,4.444360752,5.35880018,1
3.761294352,0.108464028,1,3.971532257,2.170197739,1,4.295737875,4.01803059,1,4.441223737,5.366218935,1
3.761655007,0.115927875,1,3.972638142,2.180034334,1,4.294919739,4.023903452,1,4.437851623,5.374100206,1
3.761999761,0.123351604,1,3.974606668,2.18760687,1,4.294272209,4.030048866,1,4.434471221,5.382081422,1
3.762331423,0.130732772,1,3.976805383,2.193545054,1,4.293939965,4.036418107,1,4.431105135,5.390297215,1
3.762650653,0.138101414,1,3.97907189,2.198643042,1,4.293996738,4.042698814,1,4.42781743,5.399088947,1
3.762961682,0.145477622,1,3.981365772,2.203231507,1,4.294511219,4.048595216,1,4.424868954,5.409158927,1
3.763261516,0.152821656,1,3.98367091,2.207490564,1,4.295484782,4.053804149,1,4.423961019,5.420662076,1
3.763549318,0.160161716,1,3.985980062,2.211499187,1,4.296779292,4.058080365,1,4.425990842,5.427959496,1
3.763827008,0.167485468,1,3.988287702,2.215363629,1,4.298251044,4.061515002,1,4.428897451,5.432113913,1
3.764093141,0.174802897,1,3.990592507,2.219146954,1,4.299805358,4.064394648,1,4.432018373,5.435050002,1
3.764327573,0.182116324,1,3.992893663,2.222870647,1,4.30140096,4.066909627,1,4.435198859,5.437466141,1
3.764564243,0.189508109,1,3.995185875,2.226550132,1,4.303024435,4.069153928,1,4.43839654,5.43963192,1
3.764780853,0.197128892,1,3.997468194,2.230235995,1,4.304662189,4.071226283,1,4.441587596,5.441660953,1
3.76498082,0.204703569,1,3.99974165,2.233938716,1,4.306307224,4.073178924,1,4.444752234,5.443652849,1
3.765160883,0.212223391,1,4.002003374,2.237676955,1,4.30795778,4.075043092,1,4.447877518,5.445660622,1
3.76531979,0.219679551,1,4.004247096,2.241438763,1,4.309610884,4.076841632,1,4.450949815,5.447715773,1
3.765456842,0.227073917,1,4.006475639,2.245258774,1,4.311263504,4.078593672,1,4.453956843,5.449840309,1
3.765575809,0.234401331,1,4.008687435,2.249148192,1,4.312912748,4.080334175,1,4.456889704,5.452035161,1
3.765672554,0.241657872,1,4.01087456,2.253108433,1,4.314559181,4.082066519,1,4.459742975,5.454296997,1
3.765743752,0.248836325,1,4.013035372,2.257148291,1,4.316199834,4.083800773,1,4.462512397,5.456607795,1
3.765795976,0.255936923,2,4.01516976,2.261270621,1,4.317832217,4.085558408,1,4.465201553,5.458966979,2
3.765826563,0.262960456,2,4.017272926,2.265446797,1,4.319456488,4.08733988,1,4.467809056,5.461337001,2
3.765834641,0.26989035,2,4.01933655,2.269640657,1,4.321070709,4.089153419,1,4.470344551,5.463703365,2
3.765817014,0.276527967,2,4.021349906,2.273876332,1,4.322671655,4.091015639,1,4.472814763,5.466020071,2
3.765779719,0.283099873,2,4.023301147,2.278128576,1,4.324257011,4.092917454,1,4.475218347,5.46826216,2
3.765714983,0.289593986,2,4.025176899,2.282321008,1,4.325826107,4.094865466,1,4.477561075,5.470361902,2
3.76563387,0.296016206,2,4.026956011,2.286362853,1,4.327376109,4.096864726,1,4.47983346,5.472206324,2
3.76552384,0.302353934,2,4.028582155,2.290038423,1,4.328899459,4.098925127,1,4.481985079,5.473744761,2
3.76539624,0.308611946,2,4.029983441,2.293032851,1,4.330396763,4.101036685,1,4.483844932,5.474813258,2
3.765245063,0.314810653,2,4.031061158,2.295042312,1,4.331863819,4.103191793,1,4.485178214,5.47511302,2
3.76506683,0.320935743,2,4.031621995,2.29532084,1,4.333294934,4.105383047,1,4.485130845,5.473929436,2
3.764861669,0.326978937,2,4.031621208,2.29375274,2,4.334685864,4.107601524,1,4.483180167,5.471357833,2
3.764636656,0.332905442,2,4.031161235,2.290761863,2,4.336030426,4.109827264,1,4.480417472,5.469086921,2
3.764384609,0.338739355,2,4.030363321,2.286682173,2,4.337321121,4.112035445,1,4.47729565,5.468127153,2
3.764105054,0.3444517,2,4.029212889,2.281524476,2,4.338543388,4.114202346,1,4.474202889,5.468928532,2
3.763806704,0.350049009,2,4.027824369,2.275860582,2,4.339693446,4.116300144,1,4.470970586,5.470194647,2
3.763478965,0.355510861,2,4.026254774,2.270055082,2,4.340756573,4.118279427,1,4.467614784,5.470926891,2
3.763130257,0.360866185,2,4.024556204,2.264422704,2,4.341720949,4.120093992,1,4.464026371,5.471131827,2
3.762739346,0.366197244,2,4.02273296,2.259177484,2,4.34256635,4.121676471,2,4.460490993,5.473834893,2
3.762325156,0.371410733,2,4.020798091,2.254500258,2,4.343282797,4.122998524,2,4.457147842,5.478568021,2
3.761881669,0.376473887,2,4.018747341,2.25068637,2,4.343847947,4.123958177,2,4.453954389,5.484786486,2
3.761415251,0.381376832,2,4.016593256,2.248076596,2,4.344246108,4.124499084,2,4.450857736,5.491746693,2
3.76093714,0.3858615,2,4.014373598,2.247098841,2,4.344504572,4.124699825,2,4.447799545,5.498722742,2
3.76043644,0.390137322,2,4.012154031,2.247794854,2,4.344592177,4.124502041,2,4.444798617,5.505596641,2
3.759902157,0.394294204,2,4.010000809,2.250115319,2,4.344372151,4.123399398,2,4.44205399,5.511475575,2
3.759332294,0.398327802,2,4.007924921,2.253481502,2,4.343878445,4.121433071,2,4.43988587,5.51374267,2
3.758735591,0.402250371,2,4.005920895,2.257561697,2,4.343160014,4.118908926,2,4.437753699,5.51227634,2
3.756573575,0.414352346,2,4.003943136,2.261894193,2,4.342263659,4.116007797,2,4.434779953,5.510255295,2
3.754156427,0.42465204,2,4.001971347,2.266248352,2,4.341234208,4.112896513,2,4.431805885,5.509180562,2
3.751518809,0.433001696,2,3.999975183,2.270392357,2,4.340105288,4.109717463,2,4.428603214,5.50848014,2
3.748671802,0.439301872,2,3.997941392,2.274181984,2,4.338901268,4.106555039,2,4.425300827,5.507976667,2
3.745664761,0.443689045,2,3.995868798,2.277560853,2,4.337649519,4.103415123,2,4.421967037,5.507715925,2
3.742509205,0.446244901,2,3.993761128,2.280541243,2,4.333272186,4.094341432,2,4.418563493,5.50740359,2
3.739239971,0.447298599,2,3.991626143,2.283159197,2,4.328528255,4.087024597,2,4.415107298,5.50710768,2
3.735838911,0.447083545,2,3.989461869,2.285385246,2,4.323515326,4.081839618,2,4.411652404,5.506917746,2
3.73231534,0.445882037,2,3.987278541,2.287319557,2,4.318312619,4.079115196,2,4.408171294,5.50687743,2
3.728682083,0.444046667,2,3.985084141,2.289062844,2,4.31301192,4.078689633,2,4.404674035,5.506759301,2
3.724963563,0.442011014,2,3.982876842,2.290569126,2,4.307674625,4.080278724,2,4.401083089,5.506103154,2
3.721153815,0.440195948,2,3.98065898,2.29187965,2,4.3023363,4.083399043,2,4.39755849,5.506406019,2
3.717267581,0.439146874,2,3.97843467,2.293006767,2,4.297002552,4.087500536,2,4.394051685,5.507401351,2
3.713367626,0.439650434,2,3.976201389,2.293956807,2,4.291665685,4.092116632,2,4.390542935,5.508753216,2
3.709500913,0.442478132,2,3.973969138,2.294765618,2,4.286314271,4.096879347,2,4.387032286,5.510264849,2
3.705775676,0.448471355,2,3.970919031,2.295660309,2,4.280938047,4.101539447,2,4.38352367,5.511817153,2
3.702358095,0.458250405,2,3.967855275,2.296297118,2,4.275530644,4.105925429,2,4.381563565,5.512604311,2
3.699387981,0.471740604,2,3.96477814,2.296733696,2,4.270091395,4.109949784,2,4.379605116,5.513365585,2
3.696920414,0.488288953,2,3.961690154,2.296980903,2,4.264621001,4.113578947,2,4.377646453,5.5140656,2
3.694903309,0.506999138,2,3.958591379,2.297087538,2,4.259121943,4.116817759,2,4.375686068,5.514697964,2
3.693252645,0.527151573,2,3.955479086,2.297000403,2,4.253595597,4.119673736,2,4.373726008,5.515260302,2
3.691910094,0.548285784,2,3.952355931,2.296800065,2,4.248045214,4.12217675,2,4.371764301,5.515747159,2
3.690783771,0.570067918,2,3.949221519,2.296486445,2,4.242473197,4.124353641,2,4.369801798,5.516160265,2
3.689829763,0.59229875,2,3.946077186,2.29608478,2,4.2368812,4.126232244,2,4.367839707,5.516507192,2
3.688972806,0.614833166,2,3.942920934,2.29547637,2,4.231271434,4.127846881,2,4.365875318,5.516786526,2
3.688211599,0.637610261,2,3.939753342,2.294793433,2,4.225646162,4.129228942,2,4.363909018,5.517007553,2
3.687519473,0.660562117,2,3.936575682,2.294012415,2,4.220005041,4.130375242,2,4.361942713,5.517179094,2
3.686849911,0.683646683,2,3.933389118,2.293149753,2,4.214350367,4.131318207,2,4.35997471,5.5173062,2
3.686220157,0.706839178,2,3.930193765,2.29218799,2,4.208683223,4.13207667,2,4.358003682,5.517396307,2
3.685585274,0.73010614,2,3.926990238,2.291135278,2,4.203003999,4.132649025,2,4.356035617,5.517459573,2
3.684964395,0.753438077,2,3.923778223,2.289991648,2,4.197312127,4.133063035,2,4.354061401,5.517498001,2
3.684340637,0.776823783,2,3.920559007,2.288751223,2,4.191611606,4.133309239,2,4.352084998,5.51751979,2
3.683689124,0.800245088,2,3.917332546,2.287449929,2,4.185901908,4.133416387,2,4.350106802,5.517529093,2
3.683045829,0.823705071,2,3.914099416,2.286073573,2,4.18018303,4.133378929,2,4.348127047,5.517529399,2
3.682370554,0.847181776,2,3.91085973,2.284601938,2,4.174456237,4.133211706,2,4.346145203,5.517524686,2
3.681675013,0.870665464,2,3.907614182,2.283036536,2,4.168721788,4.132918999,2,4.344160746,5.517517905,2
3.68097496,0.894161197,2,3.904362838,2.281434186,2,4.162980333,4.132502227,2,4.342177995,5.5175105,2
3.680244144,0.917663819,2,3.901107105,2.27973696,2,4.157232521,4.131972359,2,4.340192208,5.517504798,2
3.679479211,0.941168805,2,3.897846291,2.278006553,2,4.151478855,4.1313393,2,4.338201343,5.517501657,2
3.678693262,0.964680426,2,3.894581847,2.276173417,2,4.145719635,4.130603255,2,4.336210963,5.517502444,2
3.6778844,0.988192636,2,3.891313715,2.274273082,2,4.139955226,4.129757506,2,4.334217783,5.517507351,2
3.677040226,1.011696539,2,3.888041833,2.272311264,2,4.134186097,4.128814087,2,4.332224114,5.517517528,2
3.676175941,1.035200348,2,3.884766776,2.270288503,2,4.128412517,4.127775222,2,4.330228807,5.51753298,2
3.675298335,1.058708038,2,3.881488953,2.268201882,2,4.122634622,4.126649838,2,4.328234231,5.517553884,2
3.67439007,1.082204179,2,3.878208477,2.266046425,2,4.116852683,4.125445876,2,4.326235847,5.517578867,2
3.673453042,1.105689148,2,3.874925302,2.263846305,2,4.111067021,4.124177367,2,4.324236206,5.517609479,2
3.672498184,1.129172524,2,3.871639928,2.2615894,2,4.105277994,4.122828412,2,4.322234591,5.517644195,2
3.671485643,1.15261789,2,3.86835315,2.259264961,2,4.09948613,4.121401942,2,4.320234566,5.517685738,2
3.670483478,1.176079912,2,3.865064965,2.256877827,2,4.093691869,4.119895566,2,4.31823036,5.517729949,2
3.669453246,1.1995252,2,3.861775244,2.254440025,2,4.087895322,4.118315396,2,4.316225579,5.51777875,2
3.6684006,1.222958246,2,3.858484143,2.251952173,2,4.082096571,4.116663941,2,4.314219066,5.517831612,2
3.667313893,1.246368069,2,3.855191614,2.249419538,2,4.076295893,4.114943592,2,4.312211367,5.517888533,2
3.666224902,1.269780183,2,3.851896065,2.24688984,2,4.070493293,4.113161719,2,4.31020328,5.517950712,2
3.665107863,1.293171604,2,3.848602046,2.24426111,2,4.064688937,4.111324322,2,4.308194273,5.518015631,2
3.663961658,1.316541124,2,3.84531011,2.241525184,2,4.058882916,4.10943017,2,4.306183362,5.518084025,2
3.66278471,1.339882597,2,3.842017348,2.238747277,2,4.053075418,4.107484413,2,4.304170958,5.518155826,2
3.661612862,1.363230353,2,3.838723077,2.235946155,2,4.047266544,4.105488972,2,4.302156756,5.518229973,2
3.660407265,1.386546562,2,3.83542817,2.233109055,2,4.041456441,4.103444388,2,4.300142361,5.518309228,2
3.65916523,1.409823018,2,3.832133451,2.230222248,2,4.035645207,4.101353528,2,4.298125936,5.518389976,2
3.657951435,1.43311937,2,3.828839519,2.227277243,2,4.029832947,4.099217342,2,4.296109343,5.518476294,2
3.656698197,1.456351863,2,3.825545652,2.224292422,2,4.024019822,4.097037478,2,4.294090648,5.518564355,2
3.655468042,1.479550736,2,3.822251199,2.221283517,2,4.018205865,4.094817167,2,4.292071048,5.518656744,2
3.654287839,1.502390166,2,3.818958392,2.218210626,2,4.012391198,4.092555291,2,4.290049632,5.518748391,2
3.655260489,1.491605467,2,3.815667644,2.215072119,2,4.006575958,4.090252245,2,4.288029116,5.51885445,2
3.65679309,1.468803671,2,3.81237751,2.211890452,2,4.000760209,4.087911392,2,4.286004744,5.518952306,2
3.657049481,1.468028763,2,3.809088376,2.208664895,2,3.994944057,4.085530505,2,4.283979753,5.519059194,2
3.655934437,1.488916102,2,3.805801345,2.205381308,2,3.989127549,4.083113054,2,4.281953179,5.519167292,2
3.654612783,1.512187553,2,3.802516728,2.20203637,2,3.983310799,4.080658104,2,4.279925463,5.519279502,2
3.653248906,1.535421756,2,3.799234743,2.198634635,2,3.977493825,4.07816762,2,4.277896739,5.519398027,2
3.651875919,1.558650108,2,3.79595528,2.1951758,2,3.971676695,4.075642881,2,4.275866971,5.519521215,2
3.650474953,1.581855481,2,3.792681658,2.191626885,2,3.965859488,4.073086782,2,4.273835795,5.519646753,2
3.649067076,1.605056138,2,3.789419137,2.187927209,2,3.960042018,4.070499748,2,4.271804323,5.519782773,2
3.647642108,1.628241878,2,3.786169423,2.184065918,2,3.954224452,4.067883459,2,4.269770699,5.519914452,2
3.646197133,1.651410125,2,3.782932754,2.180043689,2,3.948406895,4.065234894,2,4.26773659,5.520058099,2
3.644747453,1.674577661,2,3.779707513,2.175887668,2,3.942589271,4.062558445,2,4.265702036,5.520211606,2
3.643268519,1.697707181,2,3.776498907,2.171543689,2,3.936771747,4.059853701,2,4.263666095,5.520366056,2
3.641772831,1.720823835,2,3.773312032,2.166967988,2,3.930954089,4.057122726,2,4.261629414,5.520528484,2
3.640267923,1.743936532,2,3.770154877,2.162103445,2,3.925136454,4.054366363,2,4.259591532,5.520689936,2
3.638732818,1.767009213,2,3.767037386,2.156888661,2,3.9193189,4.051583859,2,4.257553171,5.520864378,2
3.637195286,1.790086067,2,3.76397938,2.151201154,2,3.91350136,4.048776998,2,4.255513978,5.521042477,2
3.635624967,1.813126065,2,3.761018148,2.14483685,2,3.907683843,4.04594802,2,4.253474644,5.521238688,2
3.634061518,1.836163426,2,3.758149341,2.137892337,2,3.90186653,4.043093484,2,4.251434412,5.521432805,2
3.63247555,1.859182796,2,3.755358182,2.130493549,2,3.896049069,4.040216076,2,4.249393619,5.52163179,2
3.63088142,1.88218945,2,3.752636811,2.122712698,2,3.890231891,4.037316706,2,4.247352458,5.521839972,2
3.629266432,1.905155317,2,3.749984786,2.114577558,2,3.884414873,4.034395243,2,4.245310858,5.522052756,2
3.627646445,1.928136215,2,3.747417138,2.106039954,2,3.87859789,4.031455999,2,4.243268894,5.522276894,2
3.625992173,1.951074803,2,3.744937659,2.097114617,2,3.872781289,4.028488554,2,4.241226626,5.522506737,2
3.624307663,1.973980988,2,3.742536353,2.087866348,2,3.866964981,4.025497601,2,4.239184168,5.522747957,2
3.622619231,1.996883514,2,3.740198394,2.078365758,2,3.861149031,4.022480881,2,4.237141594,5.523002963,2
3.620904591,2.019747559,2,3.737938684,2.068577337,2,3.85533357,4.019437123,2,4.235098616,5.523253243,2
3.61919201,2.042621198,2,3.735748634,2.058545369,2,3.849518722,4.016362319,2,4.233055528,5.523518375,2
3.617450087,2.06544846,2,3.733598943,2.048372822,2,3.843704522,4.013256787,2,4.231012256,5.523785937,2
3.615699598,2.088261969,2,3.731493389,2.03806329,2,3.837891111,4.010116386,2,4.228968866,5.524059824,2
3.613948528,2.111085966,2,3.729419576,2.027653095,2,3.832078569,4.006941061,2,4.226925446,5.524348224,2
3.612164153,2.133859564,2,3.727364676,2.01718507,2,3.826266968,4.003728788,2,4.224881842,5.524635612,2
3.610381549,2.156642544,2,3.725313132,2.006716142,2,3.82045638,4.000478206,2,4.222838336,5.524949161,2
3.608559775,2.179369465,2,3.723232069,1.996347175,2,3.814646859,3.997189087,2,4.220794717,5.525261322,2
3.606729878,2.202089876,2,3.721090978,1.986184311,2,3.808838723,3.99385367,2,4.218750859,5.525553389,2
3.604880983,2.224785992,2,3.718851542,1.976410721,2,3.803032033,3.990470576,2,4.216707166,5.525881484,2
3.603015759,2.247459536,2,3.716456415,1.967338829,2,3.797226909,3.987037604,2,4.214663489,5.526221695,2
3.601143845,2.270124708,2,3.713832322,1.959554576,2,3.791423484,3.983552841,2,4.212619711,5.526556373,2
3.599256592,2.29276797,2,3.710918134,1.954091207,2,3.785621875,3.980014146,2,4.210575792,5.5268779,2
3.59734915,2.315381082,2,3.707789899,1.952767413,2,3.77982247,3.976412513,2,4.208531997,5.527225121,2
3.595436696,2.337987757,2,3.704807916,1.956360308,2,3.774025548,3.972742588,2,4.206488228,5.527582456,2
3.593511573,2.36057567,2,3.702192188,1.963230119,2,3.768231219,3.969002916,2,4.204444414,5.527938715,2
3.591566847,2.383133405,2,3.699904741,1.971835345,2,3.762439508,3.965194755,2,4.202400497,5.528284924,2
3.589610102,2.405676071,2,3.69789506,1.981508841,2,3.756651326,3.961297556,2,4.2003567,5.528654064,2
3.587627364,2.428175904,2,3.696085686,1.991793556,2,3.75086663,3.957314902,2,4.198312936,5.529032925,2
3.585619673,2.450627226,2,3.694392532,2.002398143,2,3.745086001,3.953235605,2,4.196269131,5.529410514,2
3.583628438,2.473082463,2,3.692808282,2.013264992,2,3.739309905,3.949052122,2,4.194225162,5.529768709,2
3.58160452,2.495500051,2,3.691301804,2.024322133,2,3.73353837,3.944766296,2,4.192181343,5.53015296,2
3.579578743,2.517902077,2,3.689848112,2.035537116,2,3.727772957,3.940348437,2,4.190137511,5.530540454,2
3.577552898,2.54030112,2,3.688399303,2.046855416,2,3.722014268,3.935790369,2,4.188093639,5.530927339,2
3.575524053,2.562714867,2,3.687009058,2.058458376,2,3.71626323,3.93107869,2,4.186049775,5.53132064,2
3.573483014,2.585095879,2,3.68563849,2.070286791,2,3.710520997,3.926197028,2,4.184005821,5.531706094,2
3.57143049,2.607443934,2,3.684318264,2.082311158,2,3.70479011,3.921105767,2,4.181961847,5.53209358,2
3.56935084,2.629774976,2,3.683029614,2.09444773,2,3.699072849,3.915775134,2,4.179917919,5.532492699,2
3.567262865,2.652053447,2,3.681789369,2.106603752,2,3.693374182,3.910136637,2,4.177873912,5.53288924,2
3.565166379,2.674328709,2,3.680558769,2.11875394,2,3.687704592,3.90405419,2,4.17582993,5.533295332,2
3.563020833,2.69653653,2,3.679372946,2.13094545,2,3.682081365,3.897331675,2,4.173785931,5.533706026,2
3.5609006,2.718748624,2,3.678189706,2.143111383,2,3.676528648,3.88974493,2,4.171741883,5.534118072,2
3.558765654,2.740935968,2,3.677065628,2.155359675,2,3.671074032,3.881104628,2,4.169697658,5.534513016,2
3.55663094,2.763118601,2,3.67592016,2.167559724,2,3.665752537,3.871235063,2,4.167653352,5.534901681,2
3.554459936,2.785269806,2,3.674804332,2.179804046,2,3.660592076,3.860089852,2,4.165608982,5.535286824,2
3.552329121,2.807454748,2,3.673695384,2.192060249,2,3.655667215,3.847485683,2,4.163564865,5.535723193,2
3.550180173,2.829577898,2,3.672611492,2.204357637,2,3.65088498,3.83429708,2,4.161520392,5.5361188,2
3.5479902,2.851664815,2,3.671537326,2.216674563,2,3.646602689,3.818349057,2,4.159475797,5.536503962,2
3.545819704,2.873790858,2,3.670462197,2.228992398,2,3.642334766,3.802373542,2,4.157431138,5.536887708,2
3.543615002,2.895855798,2,3.669392364,2.241325616,2,3.63762077,3.788956317,2,4.155386418,5.537277752,2
3.541408413,2.917927085,2,3.668332372,2.253678595,2,3.632230985,3.782662456,2,4.15334168,5.537679635,2
3.539176759,2.939960214,2,3.667274455,2.266030023,2,3.626760727,3.787996646,2,4.151296881,5.538087857,2
3.536950817,2.962005713,2,3.666228898,2.278408221,2,3.622148206,3.802089643,2,4.149251871,5.538479075,2
3.534701732,2.983990478,2,3.66517202,2.29077534,2,3.618307646,3.819768655,2,4.147206656,5.538844693,2
3.532456677,3.005991344,2,3.664139273,2.30318796,2,3.614956665,3.83902421,2,4.145161408,5.539221075,2
3.530209875,3.027989704,2,3.663081438,2.315589891,2,3.611892969,3.859047025,2,4.143116164,5.539622475,2
3.527954195,3.049976705,2,3.662040633,2.328013579,2,3.609028505,3.879544195,2,4.141070595,5.539984196,2
3.525694033,3.071936097,2,3.660993403,2.340427061,2,3.606293261,3.900323609,2,4.139025048,5.540382266,2
3.523410871,3.093853165,2,3.659966871,2.352872081,2,3.603657962,3.921311371,2,4.136979339,5.540771253,2
3.521122322,3.115755668,2,3.658965267,2.365354373,2,3.601083594,3.942421091,2,4.13493334,5.541109207,2
3.518840318,3.137611356,2,3.657941525,2.377811739,2,3.598566883,3.963642008,2,4.13288723,5.541457097,2
3.51652866,3.159467543,2,3.656928428,2.390245852,2,3.596084156,3.98492695,2,4.130841001,5.541816057,2
3.514195038,3.181298843,2,3.655930337,2.402748458,2,3.593629375,4.006263968,2,4.128794615,5.542184477,2
3.511837986,3.203074011,2,3.65492197,2.415193795,2,3.591205267,4.027656182,2,4.126747993,5.542542404,2
3.509471652,3.224839895,2,3.653955528,2.427722162,2,3.588790316,4.049063871,2,4.124701169,5.542880118,2
3.507092451,3.24655153,2,3.652965308,2.440246769,2,3.586390988,4.070496767,2,4.122654186,5.543212788,2
3.504697594,3.268221891,2,3.651967352,2.452793215,2,3.583995196,4.091931487,2,4.120607027,5.543549939,2
3.502292204,3.289876498,2,3.650969428,2.465279453,2,3.581603382,4.113365079,2,4.118559529,5.543932785,2
3.499871489,3.311513875,2,3.649985668,2.477855487,2,3.579218012,4.134785361,2,4.116511982,5.544214542,2
3.497412214,3.332980039,2,3.649009182,2.490401764,2,3.576830892,4.156129719,2,4.114464226,5.544518542,2
3.494949096,3.354401331,2,3.647993908,2.5029295,2,3.574487213,4.177211069,2,4.112416049,5.544879561,2
3.492473182,3.375632933,2,3.647005826,2.515487212,2,3.572216793,4.197661151,2,4.110367878,5.545138345,2
3.663532515,1.696417437,3,3.645986609,2.528023383,2,3.570036204,4.217324323,2,4.10831921,5.545451922,2
3.66353283,1.696413533,3,3.644950562,2.540531587,2,3.567893709,4.237270087,2,4.106270288,5.545756268,2
3.663533089,1.696410425,3,3.643938164,2.553107009,2,3.565679485,4.258201612,2,4.104221435,5.546001846,2
3.663533298,1.69640787,3,3.642930024,2.56569308,2,3.563679682,4.277327391,2,4.10217178,5.546302271,2
3.66353361,1.696403904,3,3.641890459,2.578231444,2,3.562279542,4.291645285,2,4.100121903,5.546576908,2
3.663533967,1.696400099,3,3.640852542,2.590801485,2,3.562281171,4.291812957,2,4.098071692,5.546843167,2
3.663534501,1.696393207,3,3.639788985,2.603339224,2,3.562301252,4.291810706,2,4.096020821,5.547128583,2
3.663535158,1.696385384,3,3.638748262,2.615943194,2,3.562356241,4.291482248,2,4.093970353,5.547341444,2
3.663536232,1.69637255,3,3.637692495,2.628525423,2,3.562423041,4.290943773,2,4.091919007,5.547587115,2
3.663539524,1.696332459,3,3.636610415,2.641099838,2,3.562486774,4.290304337,2,4.089866956,5.547839969,2
3.663594073,1.695690057,3,3.635520899,2.65369104,2,3.562578744,4.289625148,2,4.087814677,5.548068368,2
3.663907286,1.692226188,3,3.634445036,2.666337384,2,3.562672589,4.288923688,2,4.085762371,5.548269127,2
3.663897553,1.692007135,3,3.633362192,2.679000785,2,3.562767872,4.28820969,2,4.08370917,5.548482584,2
3.663592551,1.695554533,3,3.632291819,2.691415954,2,3.562863716,4.287486995,2,4.081655477,5.548688917,2
3.663856221,1.695239058,3,3.631628453,2.698992456,2,3.562959987,4.286757962,2,4.079601366,5.548884882,2
3.664300265,1.693759772,3,3.631665083,2.698627187,2,3.56305799,4.286025092,2,4.077545838,5.549100409,2
3.664666324,1.692987633,3,3.631762816,2.697553303,2,3.563158612,4.285290035,2,4.074936394,5.549291695,2
3.664816959,1.693925744,3,3.631900314,2.696008073,2,3.563255881,4.284545582,2,4.072321111,5.549561357,2
3.664955705,1.693390882,3,3.632065352,2.694146274,2,3.563354994,4.283798615,2,4.069707729,5.549721839,2
3.665640244,1.686258809,3,3.632249441,2.692069818,2,3.563452519,4.283044889,2,4.067086928,5.549964987,2
3.665385806,1.68853628,3,3.632445291,2.689837014,2,3.563549909,4.282286498,2,4.064467123,5.55013096,2
3.66425655,1.70092849,3,3.632650832,2.687476012,2,3.563647442,4.281524396,2,4.061840269,5.550346539,2
3.663838616,1.709728901,3,3.632864864,2.685032368,2,3.563745103,4.28075863,2,4.05921396,5.550508922,2
3.664794214,1.707207778,3,3.633086314,2.68251033,2,3.563850459,4.280001291,2,4.056581059,5.550702085,2
3.665478308,1.7074341,3,3.633314442,2.67993055,2,3.563948779,4.279227993,2,4.053945252,5.55088061,2
3.666523354,1.704590901,3,3.633546857,2.677287619,2,3.564047752,4.278452467,2,4.051307068,5.551048309,2
3.66628208,1.712342038,3,3.633822558,2.674646764,2,3.564149317,4.277677032,2,4.0486664,5.551208921,2
3.66539611,1.723223247,3,3.634078394,2.671878925,2,3.564251591,4.276898875,2,4.046022802,5.551366821,2
3.664492914,1.733277183,3,3.634327982,2.669033505,2,3.564348695,4.276109672,2,4.043376556,5.551521902,2
3.663470683,1.74425382,3,3.634591459,2.666119209,2,3.564445487,4.275316679,3,4.040726752,5.551679818,2
3.662495618,1.754545011,3,3.634855186,2.663096899,2,3.564546959,4.274526927,3,4.038074009,5.551832916,2
3.661369629,1.766370293,3,3.635125699,2.659984952,2,3.569150231,4.236932121,3,4.035416842,5.551989662,2
3.660235959,1.778263243,3,3.635400748,2.656786335,2,3.573983834,4.197565826,3,4.032755436,5.55215009,2
3.659645692,1.784725273,3,3.63572222,2.653573167,2,3.579061618,4.158549916,3,4.030089312,5.552314577,2
3.660463813,1.776767454,3,3.636012212,2.650243996,2,3.584599194,4.122024655,3,4.027416387,5.552490446,2
3.660211562,1.779246195,3,3.636304597,2.646868868,2,3.59175021,4.097817007,3,4.024736479,5.552675562,2
3.659932683,1.782267796,3,3.636621114,2.64349295,2,3.599765111,4.131937472,3,4.022048081,5.552872781,2
3.659592596,1.785964412,3,3.636912146,2.640053383,2,3.606714951,4.170528623,3,4.019348833,5.553086087,2
3.659254791,1.789911098,3,3.637220751,2.636625698,2,3.614357464,4.205570007,3,4.016637817,5.553313848,2
3.659504846,1.788083738,3,3.63752374,2.6331808,2,3.623782987,4.232219722,3,4.013911088,5.55356256,2
3.660605134,1.777609408,3,3.637816836,2.629719522,2,3.634938774,4.244528251,3,4.011165227,5.553830814,3
3.661751674,1.76618229,3,3.639112917,2.616468463,2,3.646422197,4.250955832,3,4.008396683,5.554123603,3
3.66288683,1.753496742,3,3.640279097,2.603199477,2,3.657976041,4.254921443,3,4.001349508,5.554959247,3
3.662467962,1.757028227,3,3.641442057,2.589940691,2,3.669546442,4.257768468,3,3.994104032,5.555909093,3
3.66135342,1.768694978,3,3.642624766,2.576605049,2,3.681118335,4.260072535,3,3.986128528,5.556911209,3
3.66022278,1.780372355,3,3.643796609,2.563178487,2,3.692687411,4.262045451,3,3.978009103,5.557985435,3
3.659078474,1.792135699,3,3.64498223,2.549716561,2,3.704251882,4.263756216,3,3.969667792,5.559194983,3
3.657942098,1.804007157,3,3.646157813,2.536203229,2,3.715809807,4.265277446,3,3.961056455,5.560571567,3
3.656791625,1.815944859,3,3.647387309,2.522745361,2,3.727360976,4.26660228,3,3.952394995,5.561948925,3
3.655638545,1.827910045,3,3.648519931,2.509120251,2,3.73890392,4.267761423,3,3.944259919,5.562936118,3
3.65450279,1.839970276,3,3.649683802,2.495522147,2,3.750437993,4.268766012,3,3.936121118,5.563902114,3
3.653350095,1.852023249,3,3.650871441,2.481944731,2,3.761961547,4.269621876,3,3.927931007,5.564884328,3
3.652193263,1.864119574,3,3.652008081,2.468283627,2,3.773473369,4.270327348,3,3.91973223,5.565836282,3
3.651046388,1.876257554,3,3.653187912,2.454675173,2,3.78497203,4.270879959,3,3.911540084,5.566763417,3
3.649874955,1.888377964,3,3.654361792,2.441055432,2,3.796455677,4.271267339,3,3.903329766,5.567683586,3
3.648733418,1.900548234,3,3.65553191,2.427419878,2,3.80792213,4.271488221,3,3.895131453,5.568571284,3
3.64758611,1.912710672,3,3.656677076,2.413749742,2,3.819367476,4.271531332,3,3.886886515,5.5694635,3
3.646434251,1.924856766,3,3.657868706,2.400147254,2,3.830787767,4.271389817,3,3.878636023,5.570343265,3
3.645271742,1.936971666,3,3.658995921,2.386449947,2,3.842177825,4.27105318,3,3.870379646,5.571197975,3
3.644135264,1.94910134,3,3.660184367,2.372858025,3,3.85352728,4.270521446,3,3.862146134,5.572001133,3
3.642989213,1.961178629,3,3.661334711,2.359193743,3,3.864821904,4.269806674,3,3.853809202,5.572852356,3
3.64183276,1.973196001,3,3.662468337,2.345513069,3,3.876036064,4.268943916,3,3.844701088,5.574083865,3
3.640712717,1.985209793,3,3.663603755,2.331836625,3,3.887110921,4.268043681,3,3.834504327,5.576423384,3
3.639585598,1.997149923,3,3.664728835,2.318153129,3,3.897889364,4.267480485,3,3.823992583,5.578218745,3
3.63845955,2.009025574,3,3.665906627,2.304553092,3,3.907876329,4.268429438,3,3.814254276,5.57958789,3
3.637346055,2.02084229,3,3.667037242,2.290891154,3,3.916788516,4.271288711,3,3.803992865,5.581197672,3
3.636246591,2.0325735,4,3.668208623,2.27729737,3,3.925145048,4.274494137,3,3.791208319,5.585935964,3
3.635240489,2.043412511,4,3.669386823,2.263733236,3,3.932975078,4.277668487,3,3.800983723,5.590297412,3
3.634232668,2.054211242,4,3.670528569,2.250124399,3,3.939965519,4.28086135,3,3.812180058,5.592504609,3
3.6332015,2.065205905,4,3.671675782,2.236538185,3,3.944721982,4.284398558,3,3.822354941,5.594248331,3
3.632155623,2.076339069,4,3.672869808,2.22304037,3,3.927583307,4.286259944,3,3.832209798,5.595839268,3
3.631102549,2.087563357,4,3.674082295,2.209596745,3,3.912096496,4.285451318,3,3.842016874,5.597403237,3
3.630069749,2.098899373,4,3.675280486,2.196156341,3,3.897950275,4.284315808,3,3.851813428,5.598962179,3
3.628999524,2.110238227,4,3.676502814,2.182776629,3,3.884625771,4.282988725,3,3.861719694,5.600568506,3
3.62792765,2.121606823,4,3.677730651,2.16944547,3,3.871893892,4.28157048,3,3.871917511,5.602300389,3
3.626868942,2.13299438,4,3.679023964,2.156263605,3,3.85959407,4.280110753,3,3.882709351,5.604295022,3
3.625942343,2.142976623,4,3.680382006,2.143254046,3,3.847670414,4.278775406,3,3.894361373,5.606698019,3
3.625505668,2.147446612,4,3.681762048,2.130344939,3,3.836022623,4.277507139,3,3.907497205,5.610176515,3
3.625099248,2.15186915,4,3.683177806,2.117592659,3,3.824663577,4.276162873,3,3.911696371,5.612629343,3
3.624641376,2.156697804,4,3.684722816,2.105227171,3,3.813587497,4.274800731,3,3.912178812,5.614159264,3
3.624020751,2.163188786,4,3.686450323,2.093479713,3,3.802765899,4.273425927,3,3.911292465,5.615684605,3
3.623199855,2.171865433,4,3.688358144,2.082697001,3,3.792157958,4.272042525,3,3.906757501,5.61677227,3
3.622263381,2.181964185,4,3.69055035,2.073891833,3,3.781714174,4.270646089,3,3.900785523,5.617122056,3
3.621755253,2.187665655,4,3.69319644,2.068360869,3,3.771435682,4.26921779,3,3.894561081,5.617255704,3
3.622274312,2.1822301,4,3.696309986,2.071785171,3,3.761310003,4.267761083,3,3.8881545,5.617245183,3
3.622810241,2.177000421,4,3.696079562,2.091357494,3,3.751314808,4.266279593,3,3.881643235,5.617135986,3
3.623268646,2.171989293,4,3.696089932,2.112106677,3,3.741425496,4.264768976,3,3.875010778,5.616920623,3
3.623756711,2.167419697,4,3.695978943,2.132836995,3,3.731623993,4.263224005,3,3.868306245,5.61667355,3
3.624151197,2.163208853,4,3.695822441,2.152232042,3,3.721895296,4.261633295,3,3.861550136,5.616385833,3
3.62455284,2.158900601,4,3.695656073,2.17135593,3,3.712229947,4.259989283,3,3.854766749,5.616064688,3
3.625012855,2.154252226,4,3.69578601,2.192002736,3,3.70261747,4.258271458,3,3.847950489,5.615726544,3
3.62555733,2.148970846,4,3.695561285,2.210950225,3,3.693050286,4.25645529,3,3.841111364,5.615353886,3
3.625405347,2.150570047,4,3.695341675,2.229121677,3,3.683522694,4.254510639,3,3.83426125,5.614975074,3
3.625339202,2.151196998,4,3.694804518,2.246202454,3,3.674030047,4.25239534,3,3.827391428,5.614568642,3
3.625010766,2.154251577,4,3.694270833,2.265236885,3,3.664567931,4.250056859,3,3.820518636,5.614163612,3
3.624019837,2.164757665,4,3.6931992,2.280748971,3,3.655135851,4.247417353,3,3.813648489,5.613686092,3
3.622958839,2.175890025,4,3.691562075,2.29000841,3,3.645733454,4.244321945,3,3.806760884,5.613214546,3
3.621880267,2.187224621,4,3.690161378,2.29868922,3,3.636373279,4.240363709,3,3.799861762,5.61268507,3
3.620782686,2.198657307,4,3.68987819,2.306749461,3,3.627096731,4.23460957,3,3.792961533,5.612170154,3
3.61969316,2.210179972,4,3.687573754,2.308878354,3,3.618021763,4.225633661,3,3.786061982,5.611626298,3
3.618582775,2.221726363,4,3.685677834,2.312005064,3,3.609606706,4.210450114,3,3.779250519,5.611137973,3
3.617446141,2.233271661,4,3.684087359,2.314775358,3,3.602891489,4.185429997,3,3.772390539,5.61032233,3
3.616337845,2.244885381,4,3.683732692,2.31748991,3,3.596003466,4.161390851,3,3.765468283,5.609367389,3
3.615223369,2.256506509,4,3.68150915,2.322296741,3,3.587501802,4.168643305,3,3.758519246,5.608564745,3
3.614121117,2.268167576,4,3.680160035,2.329574539,3,3.581525968,4.197919294,3,3.751624991,5.608007052,3
3.612988997,2.279814812,4,3.678941332,2.334482932,3,3.577119225,4.22193046,3,3.744750743,5.60708442,3
3.611861822,2.291484882,4,3.677051123,2.342886826,3,3.574275716,4.238880222,3,3.737877133,5.606035318,3
3.610737958,2.303153991,4,3.675328008,2.352277674,3,3.573601388,4.243413931,4,3.731015114,5.604875471,3
3.609608617,2.314819556,4,3.673704687,2.362199975,3,3.572901559,4.248277436,4,3.724157663,5.603610816,3
3.608480135,2.326489762,4,3.672190596,2.372486386,3,3.572120067,4.253909823,4,3.717311369,5.602231604,3
3.607337872,2.338143872,4,3.670753118,2.382955516,3,3.571246749,4.260472489,4,3.710474046,5.600723621,3
3.606198182,2.349805884,4,3.669393725,2.393513953,3,3.570315935,4.267733146,4,3.703648259,5.599234881,3
3.605043276,2.361439315,4,3.668097013,2.404056394,3,3.569357915,4.275420297,4,3.696836978,5.597862129,3
3.603915336,2.373128905,4,3.666880022,2.414567658,3,3.568407099,4.28330124,4,3.690050498,5.596744702,3
3.602751865,2.384772664,4,3.665705832,2.424914273,3,3.56753522,4.290797223,4,3.683343876,5.596069523,3
3.601602264,2.396440339,4,3.664591786,2.435099024,3,3.567268017,4.293572422,4,3.676876525,5.595940855,3
3.600452524,2.408105866,4,3.663533625,2.445095076,4,3.56754869,4.291348677,4,3.671430624,5.595989936,3
3.599284076,2.419745575,4,3.662498557,2.454911293,4,3.567917579,4.288145021,4,3.67400583,5.597109382,4
3.598116811,2.431384819,4,3.661434971,2.465304115,4,3.568369058,4.28398378,4,3.677704119,5.59810519,4
3.596961702,2.443037617,4,3.660329607,2.476537534,4,3.56859122,4.281293146,4,3.681729731,5.599340958,4
3.595787833,2.454653947,4,3.659188938,2.488209103,4,3.568332962,4.282486556,4,3.685848618,5.600429572,4
3.594619224,2.466272558,4,3.658042221,2.500162223,4,3.567823351,4.286093334,4,3.689596916,5.598854034,4
3.593455757,2.477891221,4,3.656897423,2.512316086,4,3.567177874,4.29081411,4,3.692359627,5.597928057,4
3.592280167,2.489482158,4,3.65573536,2.524598953,4,3.566434573,4.296532262,4,3.695430324,5.597494408,4
3.591104273,2.501061706,4,3.654583654,2.537022153,4,3.565591631,4.303196161,4,3.698940487,5.59769028,4
3.589953442,2.512669783,4,3.653436152,2.549524723,4,3.564667146,4.31067306,4,3.702675523,5.599076373,4
3.588778467,2.524229302,4,3.652295104,2.562087685,4,3.563695418,4.318655806,4,3.705605315,5.599923367,4
3.587620824,2.535803087,4,3.651156275,2.574558744,4,3.562713282,4.326894123,4,3.707552069,5.604788563,4
3.586452954,2.547352514,4,3.650721382,2.580070331,4,3.561722791,4.335231192,4,3.708222029,5.612025437,4
3.5852806,2.558884693,4,3.650842627,2.579280475,4,3.560735712,4.343600617,4,3.709206629,5.62009008,4
3.584116267,2.570425304,4,3.651346764,2.574581818,4,3.559754832,4.351951003,4,3.71088803,5.627742624,4
3.582938866,2.581944105,4,3.652557437,2.561923529,4,3.55878415,4.360254949,4,3.71329251,5.634313786,4
3.581755324,2.593457005,4,3.653737057,2.549265558,4,3.557825726,4.368494469,4,3.715918628,5.640277233,4
3.580571618,2.604978268,4,3.654902441,2.536924938,4,3.556880495,4.376657036,4,3.719209577,5.64531039,4
3.579397803,2.616530771,4,3.655959702,2.525530442,4,3.555948661,4.384736028,4,3.722911961,5.64936855,4
3.578209471,2.628082965,4,3.656391012,2.520325021,4,3.555030543,4.392725795,4,3.726700393,5.652517412,4
3.57701616,2.639655371,4,3.656275056,2.520732239,4,3.554126028,4.40062275,4,3.730610478,5.655783842,4
3.575820353,2.651251192,4,3.656046202,2.522445377,4,3.553235051,4.408422957,4,3.734629665,5.658531803,4
3.574596248,2.662824211,4,3.655658449,2.526096593,4,3.552357606,4.416122931,4,3.738705105,5.661042304,4
3.573390866,2.674450278,4,3.655045365,2.532519368,4,3.551493621,4.423721433,4,3.74282301,5.663585151,4
3.572183223,2.686089878,4,3.654350748,2.539627109,4,3.550643585,4.431213239,4,3.746972351,5.665771309,4
3.570973442,2.697736855,4,3.653412193,2.549387234,4,3.549807307,4.438596118,4,3.751138644,5.667769365,4
3.569750462,2.70937337,4,3.652267484,2.561776503,4,3.548985363,4.445867272,4,3.755314707,5.669743662,4
3.568526733,2.721021017,4,3.651070178,2.574550306,4,3.548177875,4.453024581,4,3.759489608,5.672012303,4
3.567309239,2.732694465,4,3.649879263,2.587473707,4,3.54738516,4.460063546,4,3.763660657,5.674566297,4
3.56606968,2.744348616,4,3.648669813,2.600451052,4,3.546607658,4.46698055,4,3.767824921,5.677400646,4
3.564843483,2.756040162,4,3.647477128,2.613515539,4,3.545845397,4.47377353,4,3.771975019,5.680613447,4
3.56359815,2.767714295,4,3.64627627,2.626619528,4,3.545099177,4.48043676,4,3.776104508,5.684260533,4
3.562369961,2.779430276,4,3.645076221,2.639765333,4,3.544369155,4.486965679,4,3.780206337,5.688393916,4
3.561118312,2.791116974,4,3.64386849,2.652931806,4,3.543655888,4.493356725,4,3.784277984,5.692987624,4
3.559875205,2.802827507,4,3.642671282,2.666137909,4,3.54295985,4.499604071,4,3.788320738,5.697977732,4
3.558635208,2.814553385,4,3.641459268,2.679342415,4,3.542281573,4.505703297,4,3.79233447,5.70333079,4
3.55738118,2.826262641,4,3.640258582,2.692575897,4,3.541621751,4.511647517,4,3.796303598,5.709198142,4
3.556135186,2.83799176,4,3.639045944,2.705805976,4,3.540980949,4.517431317,4,3.800200988,5.715768391,4
3.554873338,2.849700968,4,3.637833102,2.719040503,4,3.540359317,4.523051017,4,3.804069518,5.72262024,4
3.553611319,2.861415295,4,3.63660017,2.732257219,4,3.539757389,4.52850351,4,3.807841779,5.730271205,4
3.552353578,2.873139633,4,3.635397818,2.745524199,4,3.53917695,4.533769619,4,3.811610236,5.737944852,4
3.551065766,2.884815887,4,3.634174237,2.758767085,4,3.538617515,4.538851833,4,3.815292277,5.746231406,4
3.549815613,2.896558566,4,3.632951789,2.772016162,4,3.538079631,4.543742973,4,3.818970273,5.754534793,4
3.548538372,2.908261963,4,3.631724604,2.785259891,4,3.537563573,4.548441959,4,3.822620713,5.763025453,4
3.547272889,2.91999018,4,3.630503509,2.798516493,4,3.537069881,4.552941952,4,3.826258532,5.771609948,4
3.545977562,2.931661036,4,3.629256929,2.811740743,4,3.536599079,4.557242876,4,3.829884554,5.780277374,4
3.544704427,2.943366832,4,3.628031609,2.824994116,4,3.536149909,4.561345099,4,3.833476408,5.789176441,4
3.543419604,2.95505098,4,3.626805743,2.838251234,4,3.535723288,4.565242981,4,3.837067961,5.798107821,4
3.542147444,2.966759117,4,3.625559812,2.851477428,4,3.535318799,4.568939484,4,3.840631633,5.807211636,4
3.540872259,2.978463299,4,3.624319623,2.864714764,4,3.534936841,4.572431572,4,3.844184642,5.816376306,4
3.539599477,2.990175659,4,3.623080984,2.877956161,4,3.534576202,4.575727604,4,3.847723722,5.825633087,4
3.538310635,3.001860125,4,3.621833353,2.891183697,4,3.534236694,4.578830877,4,3.851209423,5.83518598,4
3.53647113,3.018808125,4,3.620573095,2.904393766,4,3.533917969,4.581743817,4,3.854695157,5.844739045,4
3.53462106,3.035737545,4,3.619323443,2.917618003,4,3.533619424,4.58447129,4,3.858203444,5.854182896,4
3.532755886,3.052633869,4,3.618062457,2.93082281,4,3.53334043,4.587021034,4,3.861714765,5.863597464,4
3.530899199,3.069539986,4,3.616803911,2.944028923,4,3.533080209,4.589396432,4,3.865245598,5.872902019,4
3.529019867,3.086399879,4,3.615545883,2.957235389,4,3.532838763,4.591599962,4,3.868789807,5.882143938,4
3.527139498,3.103254073,4,3.614272806,2.970417139,4,3.532615419,4.593637659,4,3.872371221,5.891136734,4
3.525259666,3.120099928,4,3.613018171,2.983624768,4,3.532409092,4.595518432,4,3.876246827,5.897916153,4
3.523347183,3.136878346,4,3.611740102,2.996795544,4,3.532218765,4.597252043,4,3.880292818,5.902838917,4
3.521446999,3.15367301,4,3.610469105,3.009972791,4,3.532044324,4.598837727,4,3.884474615,5.904295335,4
3.519527797,3.170423528,4,3.609200033,3.023150237,4,3.531883847,4.600295156,4,3.888661278,5.90188763,4
3.517592781,3.187139795,4,3.607931935,3.03632623,4,3.531736915,4.601627634,4,3.892371454,5.893836562,4
3.515631636,3.203814887,4,3.606659094,3.049492634,4,3.531601028,4.602858337,4,3.89496088,5.881398834,4
3.515411276,3.205379136,4,3.605375164,3.062638732,4,3.531471315,4.60403058,4,3.897493456,5.868675855,4
3.514247026,3.215516113,4,3.604077807,3.075760758,4,3.531351309,4.605110928,4,3.899851893,5.854848846,4
3.51231447,3.232220675,4,3.602800321,3.088910603,4,3.531283024,4.605716905,4,3.90037619,5.83872189,4
3.510341973,3.249060535,4,3.601503867,3.102028464,4,3.531250558,4.606007358,4,3.901357601,5.822669634,4
3.508391693,3.265743395,4,3.600200407,3.115131104,4,3.531232239,4.606169815,4,3.901765549,5.805978526,4
3.50761345,3.271957191,4,3.598895763,3.128228015,4,3.531216935,4.606303162,4,3.901506579,5.789268257,4
3.506819219,3.278133266,4,3.597606593,3.141345105,4,3.531194703,4.606498712,4,3.90145624,5.772522719,4
3.508118374,3.266680201,4,3.596288764,3.154412512,4,3.531143772,4.606958871,4,3.901051492,5.755838082,4
3.510080401,3.24981227,4,3.594987974,3.167501647,4,3.5310143,4.608145536,4,3.900428103,5.739316547,4
3.512048121,3.232963036,4,3.593682929,3.180580296,4,3.530708331,4.610972105,4,3.899999307,5.722683507,4
3.513693333,3.218977509,4,3.592382989,3.193661366,4,3.530121852,4.616417378,4,3.898876659,5.706541113,4
3.515636767,3.20209042,4,3.591073546,3.2067229,4,3.529257495,4.624465052,4,3.897796084,5.690488358,4
3.51740364,3.186937309,4,3.589757174,3.219767908,4,3.528288211,4.633506195,4,3.896205693,5.675220835,4
3.518168664,3.1807108,4,3.588450764,3.232822449,4,3.527324656,4.642480597,4,3.893239221,5.66541259,4
3.518871834,3.174353835,4,3.587129079,3.245845608,4,3.526512813,4.649953405,4,3.893122426,5.673261893,4
3.519630924,3.168119116,4,3.58581833,3.258879305,4,3.526137052,4.653339828,4,3.896199729,5.676358657,4
3.520354372,3.16181058,4,3.58450565,3.271902641,4,3.526012532,4.654456074,4,3.899086209,5.676947121,4
3.521040511,3.155421381,4,3.58319428,3.284919133,4,3.525978889,4.654747096,4,3.901284722,5.675804535,4
3.521749409,3.14907515,4,3.581865496,3.297901626,4,3.525978409,4.654739025,4,3.902630437,5.674372335,4
3.522448523,3.142711785,4,3.580540861,3.310881005,4,3.525986662,4.654655054,4,3.903034817,5.673001045,4
3.523176536,3.136401322,4,3.579206691,3.32383433,4,3.525997054,4.654553854,4,3.902902432,5.672026494,4
3.523836546,3.129965806,4,3.57786974,3.336771847,4,3.52600715,4.654456699,4,3.902593043,5.67141287,4
3.524505225,3.123546989,4,3.576535603,3.349700769,4,3.526017695,4.654356269,4,3.902215629,5.670938889,4
3.525177867,3.117135341,4,3.575204424,3.362619481,4,3.52602826,4.654255724,4,3.901680612,5.670127973,4
3.525825187,3.110675208,4,3.573861908,3.375503616,4,3.526059769,4.653959948,4,3.901075417,5.669209315,4
3.526462354,3.104197266,4,3.572525445,3.388379119,4,3.526093862,4.653640558,4,3.900605972,5.668734422,4
3.52713561,3.097782479,4,3.571204697,3.401252965,4,3.526124114,4.653356405,4,3.900104453,5.668052377,4
3.527694949,3.091165462,4,3.569876586,3.414094035,4,3.526151672,4.653097666,4,3.899472092,5.666524495,4
3.528301419,3.084629079,4,3.568524431,3.426863975,4,,,,3.898936552,5.665431214,4
3.528852018,3.077993276,4,3.567195788,3.439636018,4,,,,3.898449677,5.6644767,4
3.528981014,3.074902907,4,3.565881353,3.452388546,4,,,,3.898056094,5.663742036,4
3.527021559,3.091760345,4,3.564547328,3.465069774,4,,,,3.897655347,5.662848185,4
3.525043035,3.108573061,4,3.563219026,3.477720698,4,,,,3.897226773,5.661337549,4
3.523012666,3.125241869,4,3.56190635,3.490368287,4,,,,3.896871633,5.660092909,4
3.521238863,3.139263139,4,3.560566648,3.502976856,4,,,,3.896602263,5.659158901,4
3.520622526,3.145788124,4,3.559244428,3.515632694,4,,,,3.896332907,5.658224874,4
3.519695284,3.154715532,4,3.55789105,3.528269876,4,,,,3.896046876,5.657011967,4
3.519069531,3.16130403,4,3.556556281,3.540953059,4,,,,3.895749471,5.655610806,4
3.518453459,3.167833004,4,3.554749971,3.558204845,4,,,,3.895452066,5.654209647,4
3.517838523,3.174362572,4,3.552912019,3.575667822,4,,,,,,
3.517199961,3.180841718,4,3.551042726,3.593182174,4,,,,,,
3.516541621,3.187283536,4,3.549174474,3.610692098,4,,,,,,
3.515876416,3.193712771,4,3.547323203,3.628121344,4,,,,,,
3.515191556,3.200109712,4,3.545480457,3.645306448,4,,,,,,
3.514524442,3.20653531,4,3.543646456,3.662078975,4,,,,,,
3.513835662,3.212922206,4,3.541821036,3.678879943,4,,,,,,
3.513114049,3.219245468,4,3.539964158,3.695887802,4,,,,,,
3.512431125,3.225640836,4,3.538309952,3.710583635,4,,,,,,
3.511736329,3.232014056,4,3.537570538,3.717269538,4,,,,,,
3.510993152,3.238299864,4,3.536868748,3.723584469,4,,,,,,
3.510269283,3.244621349,4,3.536202652,3.72982961,4,,,,,,
3.509545196,3.250941685,4,3.536296912,3.728858705,4,,,,,,
3.508782478,3.257189801,4,3.535615974,3.735309744,4,,,,,,
3.50804088,3.263478744,4,3.535599865,3.735505157,4,,,,,,
3.507304673,3.269778347,4,3.535294859,3.738160542,4,,,,,,
3.506504329,3.275953695,4,3.533979571,3.750765591,4,,,,,,
3.50567955,3.282081618,4,3.532469962,3.764527314,4,,,,,,
3.504870798,3.288238748,4,3.533093459,3.757973324,4,,,,,,
3.504063805,3.294403047,4,3.53324669,3.757334519,4,,,,,,
3.503191643,3.300441674,4,3.531284456,3.775443442,4,,,,,,
3.502320418,3.30647548,4,3.529316375,3.793535624,4,,,,,,
3.501389489,3.312387836,4,3.527341026,3.811610298,4,,,,,,
3.500468962,3.318322858,4,3.525379284,3.829705789,4,,,,,,
3.4994972,3.32415072,4,3.523389413,3.847664705,4,,,,,,
3.498502375,3.329929295,4,3.522269059,3.857515261,4,,,,,,
3.497498877,3.335686543,4,3.522922654,3.850875665,4,,,,,,
3.495875602,3.346365399,4,3.523430787,3.845525128,4,,,,,,
3.49364756,3.362670817,4,3.524090609,3.838839326,4,,,,,,
3.491384873,3.37889228,4,3.524839792,3.831329983,4,,,,,,
3.489105045,3.395070029,4,3.52565075,3.822471341,4,,,,,,
3.486779448,3.411134564,4,3.526260635,3.815890931,4,,,,,,
3.484454888,3.42719983,4,3.527036693,3.807839627,4,,,,,,
3.482092362,3.443165657,4,3.526364971,3.814292744,4,,,,,,
3.482410792,3.44230405,4,3.525696752,3.820751272,4,,,,,,
3.48354675,3.436883884,4,3.523919539,3.837369838,4,,,,,,
3.48469354,3.431496553,4,3.521931376,3.855451683,4,,,,,,
3.485750967,3.425883178,4,3.519980091,3.87359598,4,,,,,,
3.486830458,3.420333102,4,3.517976747,3.891646894,4,,,,,,
3.487879809,3.414697587,4,3.515951812,3.909659413,4,,,,,,
3.488857877,3.408907202,4,3.513960679,3.927727223,4,,,,,,
3.489885262,3.403224103,4,3.511915243,3.945685828,4,,,,,,
3.490860197,3.397428312,4,3.510643932,3.95649753,4,,,,,,
3.491772525,3.391494046,4,3.509938143,3.962887736,4,,,,,,
3.492671038,3.385535225,4,3.509174056,3.969647768,4,,,,,,
3.493568881,3.379579347,4,3.508465916,3.976040632,4,,,,,,
3.49445287,3.373582517,4,3.507733312,3.982383803,4,,,,,,
3.49531003,3.367527371,4,3.507005233,3.988738981,4,,,,,,
3.49612443,3.36138607,4,3.508603324,3.974096622,4,,,,,,
3.496927128,3.355220701,4,3.510557241,3.955958086,4,,,,,,
3.497700903,3.349002233,4,3.51258308,3.937945413,4,,,,,,
3.498483408,3.342797159,4,3.514570958,3.919873904,4,,,,,,
3.499233509,3.336534278,4,3.515572383,3.911849292,4,,,,,,
3.499974189,3.330251175,4,3.51601803,3.907973115,4,,,,,,
3.50068399,3.323910317,4,3.516700741,3.90154572,4,,,,,,
3.501354884,3.3174896,4,3.51737964,3.895113541,4,,,,,,
3.502047895,3.311119542,4,3.51804526,3.88865863,4,,,,,,
3.502720112,3.304702231,4,3.518690308,3.882170406,4,,,,,,
3.501623696,3.313540355,4,3.519411622,3.875811491,4,,,,,,
3.499603111,3.330297101,4,3.520076701,3.8693536,4,,,,,,
3.497538999,3.346970877,4,3.520754751,3.862916969,4,,,,,,
3.495472144,3.363638276,4,3.521416017,3.856450374,4,,,,,,
3.493387233,3.380265321,4,3.522037923,3.849916901,4,,,,,,
3.491289697,3.396866198,4,3.522723018,3.843494962,4,,,,,,
3.489151051,3.413383439,4,3.523358182,3.8369904,4,,,,,,
3.486997871,3.42986747,4,3.524048145,3.830576598,4,,,,,,
3.484880518,3.44641516,4,3.523782718,3.833037588,4,,,,,,
3.482642927,3.462717394,4,3.521786557,3.851101273,4,,,,,,
3.480392382,3.478989629,4,3.519782213,3.869152892,4,,,,,,
3.478133187,3.495239093,4,3.517805887,3.887257585,4,,,,,,
3.475846541,3.51142948,4,3.515812547,3.905331051,4,,,,,,
3.473521478,3.527532174,4,3.513794944,3.923359999,4,,,,,,
3.471190712,3.543619997,4,3.511767913,3.941365175,4,,,,,,
3.468799222,3.559567301,4,3.50973632,3.959362428,4,,,,,,
3.466387144,3.5754688,4,3.50768528,3.977321495,4,,,,,,
3.463943938,3.591295185,4,3.506156695,3.990674979,4,,,,,,
3.461459584,3.607016319,4,3.50549613,3.997139231,4,,,,,,
3.459855822,3.617024561,4,3.504854673,4.003632856,4,,,,,,
3.462161007,3.601868153,4,3.504179176,4.01003997,4,,,,,,
3.464579986,3.585978928,4,3.506010217,3.993467816,4,,,,,,
3.466997287,3.57009062,4,3.507817323,3.977153482,4,,,,,,
3.469398526,3.554168547,4,3.509848504,3.959160226,4,,,,,,
3.471769136,3.538177309,4,3.511845846,3.941101362,4,,,,,,
3.474113892,3.522128816,4,3.513844339,3.923048048,4,,,,,,
3.476428303,3.506017383,4,3.515808734,3.904925273,4,,,,,,
3.478666551,3.489721788,4,3.517792994,3.88683613,4,,,,,,
3.480885022,3.47339057,4,3.518272443,3.882453072,4,,,,,,
3.483136039,3.457118275,4,3.517629644,3.888948194,4,,,,,,
3.485327286,3.440726151,4,3.516984127,3.895438029,4,,,,,,
3.487550872,3.424393202,4,3.516331795,3.901915157,4,,,,,,
3.489670901,3.407841401,4,3.515665727,3.908370009,4,,,,,,
3.491329696,3.395322144,4,3.515021668,3.914860866,4,,,,,,
3.490684871,3.4018175,4,3.514322793,3.921257899,4,,,,,,
3.489975861,3.408177427,4,3.513634808,3.927674557,4,,,,,,
3.489231676,3.414462343,4,3.512912666,3.93403126,4,,,,,,
3.488485854,3.420748318,4,3.51224426,3.940483591,4,,,,,,
3.487726516,3.427008472,4,3.511534341,3.946863423,4,,,,,,
3.486881371,3.43307647,4,3.510806914,3.953212157,4,,,,,,
3.488954739,3.416974306,4,3.510104891,3.959605419,4,,,,,,
3.491081852,3.400420782,4,3.509330751,3.965871466,4,,,,,,
3.493193939,3.383836478,4,3.508618628,3.972247856,4,,,,,,
3.495272012,3.367186518,4,3.508220352,3.975314319,4,,,,,,
3.497325754,3.350486547,4,3.508950261,3.968970553,4,,,,,,
3.498888684,3.337791986,4,3.509685496,3.962638171,4,,,,,,
3.499508339,3.33277636,4,3.510395934,3.956261625,4,,,,,,
3.499520452,3.332137521,4,3.511131471,3.949930054,4,,,,,,
3.500258172,3.325844895,4,3.51184784,3.94356544,4,,,,,,
3.500934362,3.319436036,4,3.51253659,3.937163563,4,,,,,,
3.501659944,3.313124471,4,3.513217259,3.930734671,4,,,,,,
3.502323301,3.306689033,4,3.513892037,3.924295573,4,,,,,,
3.503001183,3.300276201,4,3.514535039,3.917801368,4,,,,,,
3.503618533,3.293752686,4,3.515201863,3.91135817,4,,,,,,
3.504285346,3.287315396,4,3.515877017,3.904920556,4,,,,,,
3.504875019,3.280735258,4,3.516469485,3.898341586,4,,,,,,
3.505532646,3.274274478,4,3.517127584,3.891869184,4,,,,,,
3.506123567,3.267690294,4,3.517743424,3.885283937,4,,,,,,
3.506692704,3.261055562,4,3.51825788,3.87845718,4,,,,,,
3.507285043,3.254463458,4,3.519448834,3.865622416,4,,,,,,
3.507813574,3.247757071,4,3.521380455,3.847448315,4,,,,,,
3.508408479,3.241167852,4,3.523200237,3.830179219,4,,,,,,
3.506540088,3.256200179,4,3.524771574,3.816283722,4,,,,,,
3.504435766,3.272754352,4,3.524123508,3.822772815,4,,,,,,
3.502334426,3.289300921,4,3.523487874,3.829283519,4,,,,,,
3.500218225,3.305813254,4,3.522831297,3.835755649,4,,,,,,
3.498074354,3.322274619,4,3.522165255,3.842207951,4,,,,,,
3.495905507,3.338674316,4,3.52149624,3.84865946,4,,,,,,
3.493737393,3.355057998,4,3.520803778,3.856016091,4,,,,,,
3.492827862,3.36387543,4,3.518881082,3.874206498,4,,,,,,
3.492298518,3.370627899,4,3.516913067,3.892320095,4,,,,,,
3.491747275,3.377330411,4,3.514941375,3.910427676,4,,,,,,
3.491178183,3.383999318,4,3.512944988,3.928490321,4,,,,,,
3.490619343,3.390692321,4,3.510951474,3.946549897,4,,,,,,
3.490027579,3.397304061,4,3.508920376,3.964523751,4,,,,,,
3.489412853,3.403871084,4,3.507810351,3.973467315,4,,,,,,
3.488786897,3.410399915,4,3.508256942,3.96904313,4,,,,,,
3.490257799,3.399062797,4,3.508931153,3.962668849,4,,,,,,
3.492341324,3.382443521,4,3.509569488,3.956175684,4,,,,,,
3.492407208,3.383147977,4,3.510250982,3.949766885,4,,,,,,
3.491765125,3.389647359,4,3.510882185,3.943263422,4,,,,,,
3.491045439,3.395974362,4,3.5115425,3.936808686,4,,,,,,
3.490358586,3.402372403,4,3.512179232,3.93031453,4,,,,,,
3.489360499,3.410671632,4,3.511055101,3.940444073,4,,,,,,
3.487151912,3.42704223,4,3.509050631,3.958492139,4,,,,,,
3.4849085,3.443328286,4,3.5071785,3.97524499,4,,,,,,
3.482630321,3.45953555,4,3.506350187,3.981441766,4,,,,,,
3.480249646,3.47547781,4,3.504752112,3.99762064,4,,,,,,
3.48108332,3.467690172,4,3.502718003,4.015607904,4,,,,,,
3.483275158,3.451280249,4,3.500694856,4.033620841,4,,,,,,
3.485213308,3.436892952,4,3.498640046,4.051573554,4,,,,,,
3.487211824,3.421897218,4,3.496562999,4.069475215,4,,,,,,
3.48937958,3.405444631,4,3.494505703,4.087415503,4,,,,,,
3.491480849,3.388844999,4,3.492594631,4.103282248,4,,,,,,
3.493574624,3.372229196,4,3.49110588,4.116150822,4,,,,,,
3.495651332,3.355579258,4,3.490088557,4.124869419,4,,,,,,
3.497684919,3.33884498,4,3.489367763,4.131220334,4,,,,,,
3.499733785,3.322143818,4,3.488628593,4.137536657,4,,,,,,
3.501779489,3.305439432,4,3.489958084,4.125997082,4,,,,,,
3.503782488,3.288640939,4,3.492032449,4.108074528,4,,,,,,
3.505813212,3.271900077,4,3.494129117,4.090191314,4,,,,,,
3.50777778,3.255031505,4,3.496189009,4.072245783,4,,,,,,
3.509774141,3.238224526,4,3.498230134,4.054263887,4,,,,,,
3.511726038,3.221332233,4,3.500248599,4.036239312,4,,,,,,
3.513708254,3.204497881,4,3.502278123,4.018236763,4,,,,,,
3.515649193,3.187591026,4,3.504297873,4.000214376,4,,,,,,
3.517589702,3.170678605,4,3.506311397,3.982183352,4,,,,,,
3.519554446,3.153811969,4,3.508310363,3.964131431,4,,,,,,
3.521443101,3.13680512,4,3.510300894,3.946060865,4,,,,,,
3.523346931,3.119827791,4,3.512300617,3.928012472,4,,,,,,
3.525270032,3.102885144,4,3.514288415,3.909939127,4,,,,,,
3.527115114,3.085806747,4,3.516295716,3.891914621,4,,,,,,
3.529042623,3.068872789,4,3.518239173,3.873764267,4,,,,,,
3.530894445,3.051805039,4,3.520241815,3.855715555,4,,,,,,
3.532018264,3.041162335,4,3.520508787,3.853846049,4,,,,,,
3.531324498,3.047532756,4,3.519829185,3.860268793,4,,,,,,
3.530646394,3.053937051,4,3.519174559,3.866736308,4,,,,,,
3.52997048,3.060345736,4,3.518333367,3.874437555,4,,,,,,
3.52927317,3.066712903,4,3.516370899,3.892556548,4,,,,,,
3.528019627,3.078012857,4,3.514359808,3.910591941,4,,,,,,
3.526125852,3.09501086,4,3.512373898,3.928671389,4,,,,,,
3.524174459,3.111905296,4,3.510350535,3.946678074,4,,,,,,
3.522215666,3.128786004,4,3.5082869,3.964598966,4,,,,,,
3.520281247,3.14571145,4,3.506181119,3.982393258,4,,,,,,
3.518391436,3.162716771,4,3.505844194,3.98397009,4,,,,,,
3.516493435,3.17970851,4,3.506237018,3.979606585,4,,,,,,
3.514585525,3.196682927,4,3.506878554,3.973130044,4,,,,,,
3.512638535,3.213585873,4,3.507469686,3.966480404,4,,,,,,
3.510666499,3.230442166,4,3.507979274,3.959567436,4,,,,,,
3.508689711,3.247288422,4,3.508492971,3.949913502,4,,,,,,
3.506722412,3.26415358,4,3.510429586,3.931804372,4,,,,,,
3.504738547,3.280986246,4,3.512271857,3.914320115,4,,,,,,
3.502736354,3.29778268,4,3.511967832,3.917324062,4,,,,,,
3.500721883,3.314556934,4,3.511311701,3.923790632,4,,,,,,
3.498688572,3.331294283,4,3.510675241,3.930287162,4,,,,,,
3.496664761,3.348048987,4,3.510007524,3.936726984,4,,,,,,
3.494554065,3.36462962,4,3.509344362,3.943178169,4,,,,,,
3.49245407,3.381217042,4,3.508678876,3.949618905,4,,,,,,
3.491398114,3.389091654,4,3.50800254,3.956046441,4,,,,,,
3.490515984,3.395086732,4,3.506536193,3.970511392,4,,,,,,
3.489667587,3.4011566,4,3.504541578,3.98857842,4,,,,,,
3.488684591,3.40760956,4,3.502502909,4.006566726,4,,,,,,
3.486499811,3.424033554,4,3.500485504,4.024593441,4,,,,,,
3.484306703,3.440440817,4,3.498444036,4.042576618,4,,,,,,
3.48205275,3.45670837,4,3.496376099,4.060511585,4,,,,,,
3.479779103,3.47293547,4,3.494289671,4.078412282,4,,,,,,
3.477456362,3.48904742,4,3.492136349,4.096183483,4,,,,,,
3.475104205,3.505088471,4,3.49256413,4.091636592,4,,,,,,
3.472682326,3.520957791,4,3.493290115,4.0853026,4,,,,,,
3.470266866,3.536842239,4,3.494011501,4.07895999,4,,,,,,
3.467841784,3.552705622,4,3.494729131,4.072610183,4,,,,,,
3.465318311,3.568322798,4,3.495399543,4.066176229,4,,,,,,
3.462791285,3.583923145,4,3.496076227,4.059756874,4,,,,,,
3.460240344,3.59942489,4,3.496720263,4.053274441,4,,,,,,
3.457625516,3.614763221,4,3.497376536,4.046811815,4,,,,,,
3.455000774,3.629959057,4,3.49907606,4.030405302,4,,,,,,
3.452331248,3.644688991,4,3.500940701,4.012736458,4,,,,,,
3.451363207,3.647519998,4,3.501707436,4.006465791,4,,,,,,
3.45355953,3.632051616,4,3.502443617,4.000140938,4,,,,,,
3.456045531,3.616346919,4,3.503044187,3.99359264,4,,,,,,
3.458238481,3.603210936,4,3.50365725,3.987057296,4,,,,,,
3.460751857,3.58759626,4,3.504249133,3.980479726,4,,,,,,
3.46323074,3.571864784,4,3.50434968,3.97778343,4,,,,,,
3.465690289,3.556085993,4,3.502468964,3.995837042,4,,,,,,
3.468138704,3.540279648,4,3.501445242,4.014291738,4,,,,,,
3.470560198,3.524410084,4,3.500154596,4.031746671,4,,,,,,
3.47292656,3.508402167,4,3.499349258,4.044604861,4,,,,,,
3.475304828,3.492426821,4,3.498759615,4.062192757,4,,,,,,
3.477660229,3.476388726,4,3.497740917,4.068153069,4,,,,,,
3.479951758,3.460203588,4,3.497532925,4.082402821,4,,,,,,
3.482208042,3.443938385,4,3.496732969,4.090076294,4,,,,,,
3.48446847,3.42768327,4,3.495714387,4.095902913,4,,,,,,
3.486666643,3.411293072,4,3.495619983,4.091857387,4,,,,,,
3.486777645,3.410199369,4,3.496985755,4.075708408,4,,,,,,
3.485840939,3.41607091,4,3.498730022,4.057325349,4,,,,,,
3.484894521,3.42192117,4,3.500491989,4.03893259,4,,,,,,
3.48390707,3.427681756,4,3.502301423,4.020620418,4,,,,,,
3.482874131,3.433334051,4,3.504016615,4.002155713,4,,,,,,
3.481834114,3.438964368,4,3.505809705,3.983799069,4,,,,,,
3.483150438,3.428552174,4,3.507670077,3.965539822,4,,,,,,
3.485397988,3.412276267,4,3.508130342,3.960254784,4,,,,,,
3.487616095,3.39594205,4,3.507337958,3.966482408,4,,,,,,
3.489843058,3.379617871,4,3.506558031,3.972731051,4,,,,,,
3.492020163,3.363183999,4,3.505784353,3.978989627,4,,,,,,
3.494193061,3.346750442,4,3.505014449,3.985252219,4,,,,,,
3.496345853,3.330258923,4,3.504092752,3.99132316,4,,,,,,
3.498430389,3.313633223,4,3.502912779,3.997176364,4,,,,,,
3.500546932,3.29707045,4,3.502001834,4.003256317,4,,,,,,
3.502565636,3.280309975,4,3.501234888,4.00951673,4,,,,,,
3.504652073,3.263686308,4,3.500469738,4.015777219,4,,,,,,
3.506666509,3.246916313,4,3.499735526,4.022093554,4,,,,,,
3.508518705,3.231135993,4,3.498923951,4.02827908,4,,,,,,
3.509283755,3.22490358,4,3.497571335,4.039499821,4,,,,,,
3.510119645,3.218807999,4,3.495440175,4.05731234,4,,,,,,
3.51092204,3.21264644,4,3.493257885,4.075019079,4,,,,,,
3.51168339,3.206406182,4,3.492669597,4.078394615,4,,,,,,
3.5124411,3.200159726,4,3.493396986,4.072066447,4,,,,,,
3.513197319,3.193910386,4,3.494127059,4.065739757,4,,,,,,
3.513944777,3.187645977,4,3.49486636,4.059414345,4,,,,,,
3.51465036,3.181303903,4,3.495539381,4.052980204,4,,,,,,
3.515392505,3.175033103,4,3.496166356,4.046452201,4,,,,,,
3.516170328,3.168831685,4,3.496758896,4.039798028,4,,,,,,
3.516876087,3.16249189,4,3.497202858,4.032619283,4,,,,,,
3.517660092,3.156297395,4,3.497456693,4.023662684,4,,,,,,
3.517661704,3.156220817,4,3.498574795,4.008629377,4,,,,,,
3.515743256,3.173170478,4,3.500519726,3.991365853,4,,,,,,
3.513781423,3.190044665,4,3.50241917,3.973229932,4,,,,,,
3.5118287,3.20693628,4,3.504465749,3.955278615,4,,,,,,
3.509860355,3.22379929,4,3.506471542,3.937247094,4,,,,,,
3.507872828,3.240626257,4,3.508463035,3.919183026,4,,,,,,
3.5058834,3.257448976,4,3.510445009,3.901246155,4,,,,,,
3.503881931,3.274248989,4,3.510433424,3.902695521,4,,,,,,
3.501878353,3.291044124,4,3.509818907,3.909228178,4,,,,,,
3.499842442,3.307777131,4,3.509049209,3.917694137,4,,,,,,
3.497794154,3.324484966,4,3.507094419,3.9358209,4,,,,,,
3.495734936,3.341170069,4,3.505097598,3.953877707,4,,,,,,
3.493635694,3.357773448,4,3.503063981,3.971868101,4,,,,,,
3.491517761,3.374337621,4,3.501069537,3.989293279,4,,,,,,
3.489352973,3.390802875,4,3.498986663,4.007178983,4,,,,,,
3.48717019,3.407231463,4,3.496817799,4.024844331,4,,,,,,
3.484933007,3.423537753,4,3.49518093,4.03545489,4,,,,,,
3.482618862,3.439663819,4,3.495589858,4.031302503,4,,,,,,
3.481523035,3.445585902,4,3.496239707,4.024877673,4,,,,,,
3.482244119,3.439257945,4,3.496884767,4.018412973,4,,,,,,
3.482959629,3.432917965,4,3.497538428,4.011962757,4,,,,,,
3.483665272,3.42655576,4,3.4981652,4.005466608,4,,,,,,
3.484370171,3.42020568,4,3.498775736,3.998939078,4,,,,,,
3.484800366,3.415572325,4,3.499694011,3.989863046,4,,,,,,
3.485437708,3.409078666,4,3.500359827,3.983033751,4,,,,,,
3.486046107,3.402499753,4,3.49958565,3.989285044,4,,,,,,
3.486639337,3.395890111,4,3.497850027,4.007705886,4,,,,,,
3.487194897,3.389194126,4,3.495810166,4.025683564,4,,,,,,
3.48774965,3.382491873,4,3.493771058,4.043657294,4,,,,,,
3.488291153,3.375761757,4,3.491673265,4.061529851,4,,,,,,
3.488842006,3.369052911,4,3.489568604,4.079372742,4,,,,,,
3.489333475,3.362224556,4,3.487431108,4.097161266,4,,,,,,
3.489876466,3.355496316,4,3.485381633,4.115084867,4,,,,,,
3.490374359,3.348678164,4,3.483911506,4.133486119,4,,,,,,
3.490915236,3.341939463,4,3.483272782,4.150170087,4,,,,,,
3.491399648,3.335105197,4,3.48224696,4.167021499,4,,,,,,
3.491915735,3.328320113,4,3.481988227,4.182871437,4,,,,,,
3.492401352,3.321494475,4,3.481075426,4.200779938,4,,,,,,
3.49289317,3.314662786,4,3.479570139,4.20836498,4,,,,,,
3.493293228,3.307647649,4,3.48046784,4.207237779,4,,,,,,
3.495247397,3.291855551,4,3.482191406,4.197217371,4,,,,,,
3.497282971,3.275171259,4,3.483765183,4.178816555,4,,,,,,
3.499373261,3.258601707,4,3.485375614,4.171020105,4,,,,,,
3.501417249,3.241951132,4,3.486747938,4.154302375,4,,,,,,
3.503457395,3.225301567,4,3.488496709,4.144910731,4,,,,,,
3.503970458,3.222790675,4,3.490223599,4.134671855,4,,,,,,
3.503489072,3.229611491,4,3.491638092,4.116119689,4,,,,,,
3.50304261,3.236528701,4,3.493639684,4.109431525,4,,,,,,
3.502581106,3.24340692,4,3.494903701,4.093494236,4,,,,,,
3.502082308,3.250216435,4,3.496392193,4.075355939,4,,,,,,
3.501568983,3.256985443,4,3.497782641,4.056707378,4,,,,,,
3.501071469,3.26380564,4,3.499312155,4.038188797,4,,,,,,
3.500572428,3.270616806,4,3.50085273,4.019622166,4,,,,,,
3.500052715,3.277373698,4,3.502412947,4.00107001,4,,,,,,
3.499520233,3.284102327,4,3.503174191,3.989471438,4,,,,,,
3.498975685,3.290802938,4,3.502067678,3.99538527,4,,,,,,
3.498420507,3.297478815,4,3.50106354,4.001363441,4,,,,,,
3.497868001,3.304167082,4,3.500136059,4.007405703,4,,,,,,
3.497285243,3.311178507,4,3.499244094,4.013480057,4,,,,,,
3.495221109,3.327831531,4,3.498395233,4.019609226,4,,,,,,
3.49310243,3.344369777,4,3.497540239,4.02572126,4,,,,,,
3.490970168,3.36088052,4,3.496627784,4.031717423,4,,,,,,
3.48882114,3.377349565,4,3.495643518,4.037554567,4,,,,,,
3.486648267,3.393770094,4,3.494496825,4.04169965,4,,,,,,
3.484463355,3.410158507,4,3.49581316,4.02492285,4,,,,,,
3.482256613,3.426501771,4,3.497244016,4.008757955,4,,,,,,
3.480030582,3.442797964,4,3.498998621,3.990392982,4,,,,,,
3.477895645,3.458403951,4,3.500889077,3.972180231,4,,,,,,
3.477232457,3.464876439,4,3.502785737,3.953967733,4,,,,,,
3.47657323,3.471358092,4,3.504617722,3.935684016,4,,,,,,
3.475916453,3.477855158,4,3.505318879,3.92788102,4,,,,,,
3.475214986,3.484250472,4,3.505728312,3.923529393,4,,,,,,
3.474482908,3.49057598,4,3.503677996,3.941481367,4,,,,,,
3.473718441,3.496832131,4,3.501620197,3.959417466,4,,,,,,
3.472960036,3.503104556,4,3.499552323,3.977334308,4,,,,,,
3.472170703,3.509294609,4,3.497458291,3.995192274,4,,,,,,
3.471287998,3.515269273,4,3.495354605,4.013043248,4,,,,,,
3.470371391,3.521179932,4,3.493210156,4.03078334,4,,,,,,
3.469457339,3.527081126,4,3.491142236,4.047631574,4,,,,,,
3.468482339,3.53283215,4,3.488820775,4.064712902,4,,,,,,
3.467476805,3.538509058,4,3.486391644,4.080594604,4,,,,,,
3.466447375,3.544124749,4,3.483780064,4.095137017,4,,,,,,
3.465380386,3.549644927,4,3.481150699,4.107725405,4,,,,,,
3.464277916,3.555079545,4,3.479895693,4.114286264,4,,,,,,
3.46314563,3.560435537,4,3.4788713,4.121005756,4,,,,,,
3.46201522,3.565792187,4,3.477885476,4.126773521,4,,,,,,
3.46086781,3.571107843,4,3.47778952,4.125336508,4,,,,,,
3.459720193,3.576433525,4,3.47993534,4.107558147,4,,,,,,
3.458526424,3.581639684,4,3.482139098,4.08989453,4,,,,,,
3.457854306,3.583439877,4,3.484354516,4.072256203,4,,,,,,
3.460224686,3.567459646,4,3.486538043,4.054553947,4,,,,,,
3.462632338,3.551573071,4,3.488736323,4.036894023,4,,,,,,
3.465071619,3.535785807,4,3.490797033,4.021357502,4,,,,,,
3.467493111,3.519940467,4,3.49157213,4.015122997,4,,,,,,
3.469928692,3.504149507,4,3.492286428,4.008787462,4,,,,,,
3.472322745,3.488240477,4,3.492966972,4.002389006,4,,,,,,
3.474687844,3.472262691,4,3.493604412,3.995913172,4,,,,,,
3.477072873,3.456341683,4,3.49427579,3.989496208,4,,,,,,
3.479439805,3.440364072,4,3.494927487,3.983046439,4,,,,,,
3.481751695,3.424248468,4,3.495537435,3.976523365,4,,,,,,
3.48407436,3.408156847,4,3.496173182,3.970049577,4,,,,,,
3.486247229,3.392633676,4,3.496759381,3.963640093,4,,,,,,
3.487311002,3.387040493,4,3.494866231,3.979933225,4,,,,,,
3.488290348,3.381261332,4,3.492766445,3.997790134,4,,,,,,
3.489265732,3.375478242,4,3.490675413,4.015664641,4,,,,,,
3.489249022,3.376781276,4,3.489588828,4.022797525,4,,,,,,
3.487035542,3.393138151,4,3.488758425,4.02899923,4,,,,,,
3.484792294,3.409427594,4,3.487503379,4.042574405,4,,,,,,
3.485281435,3.406499244,4,3.485508542,4.060552316,4,,,,,,
3.486227685,3.400652169,4,3.483225757,4.077987163,4,,,,,,
3.487181084,3.394822338,4,3.480704425,4.094316983,4,,,,,,
3.488073004,3.38885711,4,3.479898703,4.096027139,4,,,,,,
3.488914672,3.382783958,4,3.480142842,4.09139956,4,,,,,,
3.489747648,3.376692776,4,3.480805039,4.084972396,4,,,,,,
3.490546509,3.370530629,4,3.481430643,4.076551713,4,,,,,,
3.491337564,3.364352135,4,3.482253595,4.070050326,4,,,,,,
3.492077446,3.358068371,4,3.483296887,4.064143825,4,,,,,,
3.492840498,3.351830472,4,3.485348015,4.056855572,4,,,,,,
3.493497559,3.345374976,4,3.487605431,4.049852557,4,,,,,,
3.494161187,3.338924322,4,3.487948902,4.059158517,4,,,,,,
3.494862305,3.332539882,4,3.486841055,4.069523106,4,,,,,,
3.495434529,3.325875535,4,3.48595528,4.084209109,4,,,,,,
3.496060743,3.319283551,4,3.485258815,4.102200372,4,,,,,,
3.496681624,3.311006181,4,3.484022414,4.109316594,4,,,,,,
3.498720184,3.294364853,4,3.482922158,4.122727655,4,,,,,,
3.500753361,3.277641687,4,3.481839693,4.138257578,4,,,,,,
3.502841431,3.261022459,4,3.480362701,4.146648395,4,,,,,,
3.503029169,3.260733255,4,3.479486315,4.164638068,4,,,,,,
3.502231826,3.268149956,4,3.47839633,4.17903313,4,,,,,,
3.501580631,3.27469989,4,3.476790342,4.184564802,4,,,,,,
3.5008991,3.281093666,4,3.475878963,4.201871596,4,,,,,,
3.500196769,3.287443603,4,3.474718732,4.216163132,4,,,,,,
3.499496445,3.293799662,4,3.472838219,4.221742424,4,,,,,,
3.498766882,3.30009626,4,3.471738047,4.238929752,4,,,,,,
3.498029097,3.306376902,4,3.472764583,4.234666425,4,,,,,,
3.497270748,3.312614809,4,3.474205298,4.216422988,4,,,,,,
3.496478266,3.31878588,4,3.476126539,4.207041902,4,,,,,,
3.495671519,3.324928468,4,3.478096522,4.197668401,4,,,,,,
3.494846252,3.331033627,4,3.479471897,4.179261368,4,,,,,,
3.493972521,3.337034323,4,3.481075655,4.168329443,4,,,,,,
3.493065,3.342963579,4,3.482689802,4.157320642,4,,,,,,
3.492139796,3.34883938,4,3.484197782,4.138910616,4,,,,,,
3.491168249,3.354615066,4,3.485517779,4.124369742,4,,,,,,
3.490171192,3.360309377,4,3.486701052,4.11123324,4,,,,,,
3.48908737,3.365753192,4,3.488030383,4.094076575,4,,,,,,
3.48796023,3.371056031,4,3.489893106,4.088077126,4,,,,,,
3.48673975,3.375993744,4,3.492439776,4.071631584,4,,,,,,
3.485434563,3.380305797,4,3.494297287,4.059616424,4,,,,,,
3.483969242,3.383530018,4,3.494733243,4.0421577,4,,,,,,
3.48261664,3.383378152,4,3.493856283,4.038287683,4,,,,,,
3.484052926,3.368047372,4,3.492045932,4.044314347,4,,,,,,
3.48630201,3.351828893,4,3.490438404,4.050168428,4,,,,,,
3.487871753,3.340006906,4,3.48901112,4.05590417,4,,,,,,
3.490082139,3.323750251,4,3.487749202,4.061653787,4,,,,,,
3.492309926,3.307453562,4,3.486585658,4.067389232,4,,,,,,
3.494482289,3.291040114,4,3.485631037,4.072073619,4,,,,,,
3.496671521,3.274671218,4,3.484731947,4.075948723,4,,,,,,
3.49804099,3.265299353,4,3.483502529,4.080308849,4,,,,,,
3.498955571,3.259378967,4,3.482900141,4.078478685,4,,,,,,
3.499908666,3.253549298,4,3.482337856,4.075409792,4,,,,,,
3.500806533,3.247590416,4,3.483450675,4.059798182,4,,,,,,
3.501721436,3.241672611,4,3.484722572,4.041895997,4,,,,,,
3.502575363,3.235624333,4,3.485994337,4.023542718,4,,,,,,
3.503475367,3.229681144,4,3.48766433,4.005196335,4,,,,,,
3.504289422,3.223551482,4,3.489656206,3.987159921,4,,,,,,
3.505109172,3.217435813,4,3.491658581,3.96912636,4,,,,,,
3.505940819,3.211343528,4,3.493578801,3.950987216,4,,,,,,
3.506728893,3.205168896,4,3.494840891,3.938596892,4,,,,,,
3.507516873,3.198993832,4,3.49335236,3.951679857,4,,,,,,
3.508311519,3.192828042,4,3.491250061,3.969532484,4,,,,,,
3.509031486,3.186519026,4,3.489094759,3.987276302,4,,,,,,
3.509772072,3.180254803,4,3.486930591,4.004995103,4,,,,,,
3.510561177,3.174089046,4,3.484737427,4.02265597,4,,,,,,
3.511267236,3.167761168,4,3.482485352,4.040187948,4,,,,,,
3.511976797,3.161437619,4,3.480183347,4.057604303,4,,,,,,
3.512706257,3.155147665,4,3.477837643,4.07429466,4,,,,,,
3.513318672,3.148649983,4,3.475218503,4.090651595,4,,,,,,
3.514103396,3.142465541,4,3.472376664,4.10560674,4,,,,,,
3.514796043,3.136103567,4,3.469350163,4.119291803,4,,,,,,
3.515420799,3.129619821,4,3.466341996,4.132019528,4,,,,,,
3.516064784,3.123173565,4,3.463207537,4.143885174,4,,,,,,
3.514789542,3.133452806,4,3.460748839,4.155153599,4,,,,,,
3.512795172,3.15026612,4,3.457349926,4.16605202,4,,,,,,
3.510780344,3.167036083,4,3.45716483,4.153443477,4,,,,,,
3.5087725,3.183820444,4,3.459160808,4.136642736,4,,,,,,
3.506742706,3.200560552,4,3.461227015,4.118822008,4,,,,,,
3.5046928,3.217264128,4,3.46345636,4.101233146,4,,,,,,
3.502626997,3.233933317,4,3.465672122,4.083596648,4,,,,,,
3.50058528,3.250642783,4,3.467977195,4.066167277,4,,,,,,
3.498547415,3.267356721,4,3.470255784,4.048688537,4,,,,,,
3.496463361,3.283977956,4,3.472560739,4.031259785,4,,,,,,
3.494348295,3.300540572,4,3.474845875,4.013791665,4,,,,,,
3.492234064,3.317098539,4,3.477152204,3.996369386,4,,,,,,
3.490118506,3.333648239,4,3.47942984,3.97891121,4,,,,,,
3.487991957,3.350176376,4,3.48179615,3.961705071,4,,,,,,
3.48581082,3.366582878,4,3.48332767,3.952721062,4,,,,,,
3.483615359,3.382963969,4,3.484089789,3.946480493,4,,,,,,
3.481403575,3.399306802,4,3.484754854,3.940199587,4,,,,,,
3.479162033,3.415582271,4,3.48281015,3.956797674,4,,,,,,
3.476879404,3.431766101,4,3.480664914,3.97456788,4,,,,,,
3.474622413,3.448006964,4,3.478479217,3.992253146,4,,,,,,
3.472308302,3.464119082,4,3.476238609,4.009824234,4,,,,,,
3.469959918,3.480159928,4,3.473965547,4.027330154,4,,,,,,
3.467658668,3.496302434,4,3.471635289,4.044707421,4,,,,,,
3.465306304,3.512337519,4,3.469210826,4.061771192,4,,,,,,
3.462910306,3.528280133,4,3.467163325,4.074796721,4,,,,,,
3.460477276,3.544134963,4,3.465105225,4.08612843,4,,,,,,
3.458013267,3.559918263,4,3.463574988,4.094124188,4,,,,,,
3.455599679,3.575822549,4,3.462094552,4.101788722,4,,,,,,
3.453165651,3.591677806,4,3.460425727,4.108414825,4,,,,,,
3.450675332,3.607395001,4,3.45909929,4.114864588,4,,,,,,
3.449050254,3.616844023,4,3.457783362,4.120288479,4,,,,,,
3.448057418,3.622539448,4,3.457637058,4.117872485,4,,,,,,
3.447049842,3.628194127,4,3.458285386,4.111438611,4,,,,,,
3.446061556,3.633899385,4,3.459048284,4.105094999,4,,,,,,
3.445069301,3.639591786,4,3.460822624,4.099275409,4,,,,,,
3.444100934,3.645347679,4,3.463419242,4.09175569,4,,,,,,
3.443145487,3.65113993,4,3.466244813,4.083237694,4,,,,,,
3.442178217,3.656903173,4,3.469131748,4.074130898,4,,,,,,
3.441266375,3.662809709,4,3.47205788,4.064511723,4,,,,,,
3.440329317,3.668647893,4,3.474189824,4.062378468,4,,,,,,
3.439441012,3.674612641,4,3.47433761,4.076237331,4,,,,,,
3.43856109,3.680596756,4,3.474508056,4.08950835,4,,,,,,
3.437702379,3.686636417,4,3.474642814,4.10271198,4,,,,,,
3.436847373,3.69268118,4,3.474671275,4.117168848,4,,,,,,
3.436026145,3.698809072,4,3.474649909,4.131558361,4,,,,,,
3.435242346,3.705008283,4,3.473217115,4.138568869,4,,,,,,
3.43578635,3.701140628,4,3.471448373,4.143985245,4,,,,,,
3.438036592,3.684868384,4,3.47037478,4.158409765,4,,,,,,
3.440315489,3.668651698,4,3.470261876,4.171909062,4,,,,,,
3.44125618,3.661663746,4,3.468059053,4.186406573,4,,,,,,
3.442063419,3.655517086,4,3.466029821,4.191699265,4,,,,,,
3.442895363,3.649425955,4,3.463987124,4.196959496,4,,,,,,
3.444011169,3.6417684,4,3.462478034,4.211592934,4,,,,,,
3.446474842,3.625980765,4,3.461817776,4.227010835,4,,,,,,
3.448919116,3.610143821,4,3.461118917,4.23969939,4,,,,,,
3.45140528,3.594412223,4,3.460477375,4.239928792,4,,,,,,
3.453878099,3.578648653,4,3.461647853,4.222159691,4,,,,,,
3.456351859,3.562890221,4,3.462772325,4.209751233,4,,,,,,
3.458878916,3.547276169,4,3.463769622,4.200962892,4,,,,,,
3.459273185,3.544166785,4,3.464754454,4.183465894,4,,,,,,
3.461222478,3.530955065,4,3.466034333,4.171646475,4,,,,,,
3.463637454,3.515053303,4,3.467633909,4.166342453,4,,,,,,
3.466040956,3.499125322,4,3.469022969,4.154392354,4,,,,,,
3.468432356,3.483172476,4,3.470215096,4.136421934,4,,,,,,
3.470839791,3.46725756,4,3.471337523,4.119672266,4,,,,,,
3.473224789,3.451292334,4,3.473631167,4.111686071,4,,,,,,
3.475536399,3.435152968,4,3.476297682,4.103517486,4,,,,,,
3.47786609,3.419053539,4,3.478915563,4.095164521,4,,,,,,
3.480124725,3.402789092,4,3.481634383,4.086774133,4,,,,,,
3.48234933,3.386449256,4,3.483675036,4.080705958,4,,,,,,
3.484573926,3.370110506,4,3.483722937,4.074230819,4,,,,,,
3.486765361,3.353700961,4,3.481920415,4.080000788,4,,,,,,
3.488969472,3.337322263,4,3.479937446,4.086318585,4,,,,,,
3.491115535,3.320819467,4,3.478246581,4.100444753,4,,,,,,
3.493268456,3.30432655,4,3.477630397,4.117384437,4,,,,,,
3.495370071,3.287732704,4,3.477166705,4.133504475,4,,,,,,
3.496956519,3.275601942,4,3.476712587,4.148955138,4,,,,,,
3.497780436,3.26949279,4,3.475755025,4.155852412,4,,,,,,
3.498598043,3.26337266,4,3.474154019,4.158228911,4,,,,,,
3.499381292,3.257184645,4,3.473186527,4.165039052,4,,,,,,
3.500155087,3.250977859,4,3.47168392,4.161736054,4,,,,,,
3.500894204,3.244703872,4,3.4701698,4.157904618,4,,,,,,
3.501644775,3.238455437,4,3.468360888,4.154171574,4,,,,,,
3.501495734,3.2399708,4,3.465863216,4.152637066,4,,,,,,
3.499451427,3.256683233,4,3.463577959,4.153327874,4,,,,,,
3.497366208,3.273315612,4,3.462045515,4.154859773,4,,,,,,
3.495258682,3.289903154,4,3.461552412,4.152998107,4,,,,,,
3.493140211,3.306467955,4,3.464300845,4.141554013,4,,,,,,
3.491003602,3.322995607,4,3.465894364,4.134532278,4,,,,,,
3.488819686,3.339422111,4,3.468475252,4.123449945,4,,,,,,
3.486630502,3.355837342,4,3.471264171,4.111324807,4,,,,,,
3.484388267,3.372132144,4,3.47379227,4.099975782,4,,,,,,
3.482127687,3.388371426,4,3.47634616,4.08539058,4,,,,,,
3.479814471,3.404494373,4,3.477147965,4.072057599,4,,,,,,
3.477489142,3.420564641,4,3.477311408,4.061699057,4,,,,,,
3.475138447,3.436499942,4,3.477382324,4.048887762,4,,,,,,
3.472688095,3.45216596,4,3.474678041,4.059462482,4,,,,,,
3.470228652,3.467694265,4,3.471599076,4.070176746,4,,,,,,
3.467715214,3.482967564,4,3.468566383,4.079229071,4,,,,,,
3.465128332,3.498011164,4,3.465447465,4.089024983,4,,,,,,
3.462505072,3.512630226,4,3.462265236,4.098669389,4,,,,,,
3.460021247,3.526751104,4,3.459206104,4.107148173,4,,,,,,
3.458159448,3.540055255,4,3.456389185,4.114042952,4,,,,,,
3.458316048,3.551355214,4,3.453640479,4.12039123,4,,,,,,
3.46070447,3.560024777,4,3.450646017,4.127609669,4,,,,,,
3.465160897,3.563211547,4,3.44796494,4.133579902,4,,,,,,
3.469790869,3.564436896,4,3.445868628,4.13851764,4,,,,,,
3.480531534,3.564727677,4,3.444115766,4.14325504,4,,,,,,
3.49127687,3.563876846,4,3.442638334,4.148181168,4,,,,,,
3.502023699,3.562878577,4,3.441175015,4.152944659,4,,,,,,
3.512774006,3.562555206,4,3.439891297,4.158116219,4,,,,,,
3.523524133,3.562475824,4,3.440771051,4.153305923,4,,,,,,
3.534276025,3.562327287,4,3.442571011,4.148419151,4,,,,,,
3.545026128,3.562273472,4,3.442931328,4.148314185,4,,,,,,
3.555777537,3.562189671,4,3.44365384,4.145634538,4,,,,,,
,,,3.444525184,4.142637034,4,,,,,,
,,,3.445104835,4.14152409,4,,,,,,
,,,3.443106874,4.130031223,4,,,,,,
,,,3.440753089,4.12716047,4,,,,,,
,,,3.441839078,4.108760272,4,,,,,,
,,,3.442425312,4.100340137,4,,,,,,
,,,3.443076784,4.093831485,4,,,,,,
,,,3.443747727,4.087329531,4,,,,,,
,,,3.44442122,4.080848994,4,,,,,,
,,,3.445088045,4.074317958,4,,,,,,
,,,3.445742672,4.06767547,4,,,,,,
,,,3.446349951,4.060893278,4,,,,,,
,,,3.446877869,4.053336003,4,,,,,,
,,,3.447259728,4.045292466,4,,,,,,
,,,3.447572196,4.036301066,4,,,,,,
,,,3.44778513,4.026160237,4,,,,,,
,,,3.447912607,4.015201623,4,,,,,,
,,,3.448170756,4.004669605,4,,,,,,
,,,3.447542802,3.998185603,4,,,,,,
,,,3.444415296,4.008782706,4,,,,,,
,,,3.443494849,4.020542891,4,,,,,,
,,,3.443295519,4.031685848,4,,,,,,
,,,3.443053799,4.04292047,4,,,,,,
,,,3.442690478,4.053800767,4,,,,,,
,,,3.442177459,4.063993248,4,,,,,,
,,,3.441393452,4.073461884,4,,,,,,
,,,3.440452087,4.079881894,4,,,,,,
,,,3.43918316,4.084310199,4,,,,,,
,,,3.438157398,4.086364637,4,,,,,,
,,,3.436902177,4.087923819,4,,,,,,
,,,3.43552813,4.088133646,4,,,,,,
,,,3.433907603,4.087399702,4,,,,,,
,,,3.436219894,4.08688829,4,,,,,,
,,,3.441152128,4.086797737,4,,,,,,
,,,3.446084753,4.086794236,4,,,,,,
,,,3.451017986,4.08685737,4,,,,,,
,,,3.4559512,4.086926925,4,,,,,,
,,,3.460884043,4.087000384,4,,,,,,
,,,3.46581655,4.086994562,4,,,,,,
,,,3.470748952,4.087070753,4,,,,,,
,,,3.475681369,4.087096364,4,,,,,,
,,,3.48061252,4.087139682,4,,,,,,
,,,3.492240103,4.08720996,4,,,,,,
,,,3.503865184,4.087287359,4,,,,,,
,,,3.515491376,4.087301533,4,,,,,,
,,,3.527108552,4.0872823,4,,,,,,
,,,3.538733063,4.087272493,4,,,,,,
,,,3.550348134,4.087538051,4,,,,,,
,,,3.561951056,4.087176879,4,,,,,,
,,,3.573552701,4.086947401,4,,,,,,
,,,3.585181779,4.087085549,4,,,,,,
,,,3.59680841,4.086812891,4,,,,,,
,,,3.608443539,4.087112473,4,,,,,,
,,,3.620067514,4.087015522,4,,,,,,
,,,3.631701375,4.087050808,4,,,,,,
,,,3.643332633,4.086793173,4,,,,,,
,,,3.654967238,4.086515309,4,,,,,,