Mass,Radius
1.2942,5.4613
1.7329,9.1988
1.4391,6.5833
1.8248,5.8499
1.611,6.8449
1.2866,6.2565
1.1726,5.2302
1.2223,7.9005
1.1405,8.0508
1.4263,5.706
1.2734,5.5861
1.4172,5.9874
1.1942,5.3863
1.2765,8.0368
1.1562,10.1444
1.2565,5.0636
1.1448,6.2139
1.2873,9.8672
1.393,8.0467
1.2449,8.3858
1.2682,7.8351
1.1225,7.5918
1.4315,8.5675
1.2193,8.3245
1.1788,6.1222
1.1391,12.6126
1.0778,10.2327
1.078,7.5705
1.3251,8.615
1.1669,8.245
1.1952,7.5776
1.0677,7.6434
0.9158,4.6553
1.4258,5.0544
1.553,5.6311
1.5607,6.7882
1.3611,5.7401
1.3232,4.7685
1.1661,6.3769
1.252,4.62
1.8697,7.3791
1.509,6.7651
1.2913,6.0648
1.6624,9.5716
1.2556,5.8557
1.4227,6.8007
1.2603,4.6773
1.2364,5.8457
1.122,5.2231
1.094,6.0573
1.0771,4.8763
1.202,6.9329
1.0641,5.0712
1.01,4.6333
1.3384,5.2822
1.138,4.5803
1.4491,5.1659
1.4017,6.0187
1.4116,5.2744
1.4393,5.5128
1.3131,6.56
1.2028,5.6498
1.2248,7.3419
1.541,6.8824
1.1693,4.8334
1.1385,5.2405
1.3374,6.2814
1.3268,9.5074
1.1666,4.6921
1.2245,5.5298
1.2751,4.8706
1.1696,11.5672
1.1935,5.6552
1.326,6.2774
1.4761,6.2267
1.182,5.1031
1.4656,6.6163
1.7561,7.5607
1.5933,7.8629
1.4585,8.0473
1.4535,6.6966
1.3399,5.7737
1.3297,6.684
1.329,7.1609
1.5082,8.7499
1.641,8.4316
1.0848,4.8002
1.2944,5.7764
1.2539,4.8051
1.1885,5.8922
1.1625,4.9045
1.1866,4.6686
1.4337,6.8586
1.3992,7.1061
1.7402,10.043
1.2207,6.2842
1.5483,7.5637
1.2255,6.4362
1.2742,6.8089
1.0622,5.7813
1.102,4.8436
1.1841,5.9746
1.0521,4.8434
1.1172,5.303
1.3215,6.4593
1.1062,5.4057
1.3925,6.8905
1.2946,7.0042
1.1148,6.1757
1.271,6.4256
1.1297,6.3984
1.1046,5.9017
1.0293,6.0013
0.9767,6.4703
2.0158,7.8481
1.762,9.0293
1.2236,4.5976
1.2495,5.555
1.4124,5.0441
1.2281,5.1094
1.7233,6.9889
1.2026,6.4983
1.5642,8.4528
1.615,9.4908
1.5721,7.1458
1.5825,7.8633
1.3584,6.8731
1.5612,7.2829
1.2947,4.7251
1.1379,6.2808
1.4561,7.1845
1.2913,6.7512
1.3041,5.284
1.2625,6.2033
1.3048,6.3679
1.3242,5.9511
1.2631,6.2207
1.3245,4.9924
1.7222,7.4907
1.2711,6.2287
1.2346,5.4728
1.0459,4.4513
1.1694,5.7083
1.3951,6.306
1.201,6.6967
1.6327,9.8464
1.488,8.4948
1.1866,6.3012
1.1267,5.3145
1.5276,9.9692
1.1726,6.0786
1.1317,5.5056
1.5288,7.4152
1.2226,6.08
1.487,8.913
1.5913,8.9613
1.2558,8.0399
1.119,5.4221
1.6174,9.8682
1.1924,6.677
1.7909,9.767
1.108,4.5585
1.137,6.4788
1.1209,5.622
1.3372,7.8063
1.1147,5.8371
1.4298,5.9851
1.1398,5.9353
1.4905,7.252
1.1682,6.8159
1.1759,5.3089
1.1768,5.5199
1.1653,8.0716
1.1195,4.9385
1.0697,6.7208
1.2321,8.4004
1.2845,7.3815
1.1572,6.616
1.1678,7.3388
1.0639,5.9178
1.0711,5.5532
1.182,6.664
1.1225,4.4076
1.0674,6.4598
1.3476,8.1236
1.2307,8.5556
1.1629,8.7172
1.2048,6.5031
1.4026,6.1943
1.0406,5.5601
1.2507,7.2718
1.1545,7.6492
1.0707,4.5321
1.3596,7.4408
1.3583,8.7893
1.1297,7.3247
1.1142,7.5066
1.1564,6.8734
1.0055,6.0509
1.2557,9.2367
1.0084,5.2991
1.0454,7.4881
0.9969,4.804
0.9689,4.8181
0.9738,4.977
1.3548,6.9873
1.3894,7.1113
1.2372,5.2443
1.4513,7.9477
1.3936,7.6009
1.3837,7.5453
1.3286,8.17
1.3232,7.183
1.0276,6.4272
1.2759,6.0412
1.4853,8.3881
1.4578,6.0946
1.563,8.9767
1.3017,5.044
1.1329,4.6999
1.168,4.7383
1.2455,5.7703
1.2472,6.0619
1.1137,4.6451
1.04,5.2335
1.2614,5.1751
1.467,7.4013
1.17,5.6423
1.27,8.2273
1.3113,5.9357
1.2931,6.4784
1.4268,7.2402
1.2365,6.1911
1.3309,6.6798
1.3987,7.3661
1.1471,5.3928
1.3129,6.988
1.1561,5.9562
1.2804,6.5328
1.1028,8.5925
1.5013,10.6301
1.4741,7.491
1.1412,4.8526
1.2844,7.6487
1.2574,5.7734
1.1862,5.9314
1.3008,9.3295
1.3097,6.4352
1.2074,7.1616
1.2744,7.0873
1.1242,4.8797
1.5067,8.422
1.3443,7.3693
1.1347,6.8739
1.1968,6.417
1.3536,8.4055
1.239,9.266
1.1373,5.651
1.3456,9.3438
1.4776,10.8771
1.0979,4.701
1.0985,5.2542
1.1525,4.7852
1.0864,5.5123
1.1092,6.4669
1.1643,7.6944
1.7896,9.8219
1.1183,6.7895
1.2864,7.7625
1.1368,4.655
1.3817,8.5821
1.0282,5.1372
1.2171,6.6104
1.464,10.5019
1.1938,6.2454
1.1816,6.8773
1.0987,5.659
1.0547,6.2072
1.2842,5.7561
1.3495,9.5513
1.3528,9.3994
1.2981,8.5112
1.3045,8.9545
1.0309,5.6734
1.2184,8.5059
1.1596,9.9742
1.201,8.8085
1.1202,8.3795
1.2812,7.9496
1.0461,5.3994
1.3836,10.2161
1.2218,9.749
1.108,8.1129
1.0789,6.0259
1.0417,6.0168
1.1512,9.4807
1.189,8.4497
1.3689,8.83
1.2125,7.0972
1.1541,6.665
1.6018,8.6111
1.3188,8.3237
1.1933,7.9792
1.0458,5.6401
1.0814,7.3472
1.1021,7.5886
1.0898,5.4755
1.0802,6.3418
1.3546,9.4878
1.1963,10.7559
1.0392,5.9474
1.0407,5.96
1.0431,9.2953
1.0983,9.9361
1.0398,6.9629
1.1295,9.1979
1.179,8.4405
1.0021,4.4592
1.2148,10.9775
1.0415,9.0616
1.0267,8.6785
1.0389,4.5949
1.0613,7.5316
1.0601,7.0983
0.9781,8.6343
1.0413,7.8444
1.057,9.5143
1.0589,9.8015
1.0755,7.7667
1.0109,8.1555
1.0372,5.0166
1.0879,6.8502
0.9597,4.9034
0.9778,8.2438
0.9879,4.44
0.9579,8.7471
1.3573,9.9495
1.2731,7.9167
1.3727,9.852
1.3404,5.1066
1.1158,4.6159
1.1105,5.4389
1.1775,5.6164
1.2719,9.1145
1.3236,9.3927
1.1621,7.2446
1.3499,10.3192
1.4004,9.8908
1.1937,8.4541
1.434,10.4589
1.4337,8.7666
1.1062,5.5495
1.2669,7.856
1.482,10.2253
1.1179,6.6727
1.7165,11.6406
1.3858,7.5368
1.1115,4.4677
1.3691,7.6768
1.2301,6.1742
1.4141,10.3771
1.1404,5.6514
1.3413,9.649
1.2998,5.5417
1.0863,7.0862
1.1883,7.4211
1.2245,8.4665
1.1517,10.1031
1.2304,6.4331
1.1656,8.8803
1.1642,6.4893
1.3706,8.4875
1.1238,8.2468
1.2081,7.9507
1.3239,7.562
1.4238,8.2446
1.1419,5.3967
1.2073,6.8516
1.1911,6.5375
1.1376,6.0629
1.1824,7.1065
1.4096,9.1421
1.3564,10.4134
1.1385,9.0243
1.3696,10.4752
1.4205,10.2921
1.2472,5.7062
1.2534,9.1535
1.2165,6.7995
1.3042,8.05
1.1144,8.631
1.171,5.7304
1.4923,9.171
1.4788,11.1338
1.1045,5.8592
1.2377,6.7763
1.0945,4.9769
1.1346,7.6137
1.1658,9.217
1.3007,8.6829
1.1967,8.5458
1.5059,9.8468
1.35,9.6671
1.0584,6.6225
1.3227,9.9445
1.5656,12.8385
1.1974,9.0967
1.2179,9.3432
1.0793,6.5735
1.2007,7.4563
1.5,11.5097
1.1305,8.3382
1.1004,8.3503
1.3306,7.0678
1.216,7.7252
1.3416,6.2757
1.6293,9.9007
1.274,9.8202
1.432,10.7975
1.1728,6.1939
1.2387,10.1318
1.1726,6.7134
1.2977,9.5982
1.1417,7.3384
1.4016,10.5754
1.1023,9.5378
1.1564,8.7326
1.1477,9.6611
1.0296,6.4561
1.045,8.2447
1.1826,9.2563
1.0845,8.9941
0.9217,8.1868
1.0824,9.0443
1.0571,7.123
1.0402,5.7019
1.2719,9.1422
1.1147,8.2533
1.1108,9.2557
1.2639,10.3128
1.3408,12.0486
0.9866,7.3102
1.0873,10.2462
1.2825,11.9618
1.0825,8.799
1.063,5.9266
1.1265,6.6511
1.0229,9.1449
1.0237,5.3363
1.0218,5.8245
1.0513,5.5753
1.0666,4.9189
0.9983,9.2171
1.0102,8.8395
1.4056,8.4406
1.029,8.7906
0.9765,6.2028
0.9865,5.7095
1.1699,9.1971
1.2746,8.1159
1.3913,10.5181
1.1434,7.9279
1.228,8.1249
1.5514,9.7557
1.4694,8.9729
1.3227,9.1739
1.4152,10.6451
1.5249,11.2091
1.3832,10.1806
1.168,8.7192
1.1191,8.9933
1.2108,6.6369
1.2471,8.6888
1.3048,9.4334
1.6633,12.9079
1.1269,7.0569
1.1952,9.0553
1.1893,8.8667
1.3165,7.4457
1.2451,8.9426
1.1013,7.2329
1.1927,7.3126
1.0975,7.0295
1.0619,8.3316
1.1558,8.5766
1.1304,8.2616
1.3061,6.9326
1.219,10.2688
1.2287,8.882
1.4389,8.8052
1.2291,7.1408
1.1855,8.7352
1.2778,8.9144
1.0709,8.2839
1.1613,8.7404
1.1106,8.3112
1.1948,8.5787
1.2405,9.0121
1.1799,6.0411
1.1289,7.4205
1.2557,9.8165
1.0754,8.3741
1.4051,10.4818
1.1614,6.569
1.182,6.6896
1.3392,9.6899
1.2462,9.0912
1.1351,8.5142
1.0483,8.0211
1.0882,8.1454
1.2121,8.3927
1.2484,8.5087
1.1432,8.3119
1.0849,7.878
1.1324,7.3745
1.1444,5.7398
1.3117,7.6845
1.1598,7.9449
1.0584,8.0107
1.2108,7.5539
1.1885,8.3089
1.104,8.2938
1.1023,5.2568
1.1006,7.4444
1.1075,8.402
1.0893,5.7145
1.0641,8.7701
1.1215,7.8827
1.0492,9.2107
1.1042,8.424
1.0927,8.4776
1.2237,8.7755
1.0788,7.5759
1.177,8.5481
0.9958,7.9075
1.2022,8.3362
1.1442,8.9442
1.0897,8.8308
1.3889,7.9226
1.095,8.2129
1.0989,8.4941
1.3765,7.501
1.0994,7.8671
1.1927,8.8725
1.1136,9.0928
1.0952,7.5536
1.487,9.0699
1.2256,9.3324
1.2566,12.2999
1.1051,8.3689
1.0125,9.4077
1.0787,9.1919
1.1283,8.8493
1.0083,8.0975
1.5175,10.1362
1.0516,7.6562
1.0364,4.8185
1.1976,8.7937
1.0995,6.9329
1.413,9.411
1.0488,6.8337
1.0592,4.7664
1.0651,5.8717
1.1417,5.9979
1.021,7.1144
0.9902,7.1088
1.0351,7.494
0.9772,11.4127
1.0249,7.2227
0.9827,7.6228
1.0007,7.178
1.1629,5.7281
1.2838,5.6378
1.2085,7.1723
1.1039,7.7147
1.0321,7.9363
1.1415,8.102
1.3641,8.7054
1.1649,8.2338
1.1084,8.3797
1.2215,8.7438
1.3368,6.6185
1.2436,8.7242
1.1653,9.7873
1.12,5.6342
1.497,6.3123
1.3115,7.0223
1.1777,8.2585
1.4878,9.3483
1.2246,8.8727
1.0995,8.4554
1.1367,8.4321
1.1433,8.2484
1.0616,9.1556
1.0943,4.7072
1.1384,10.9334
1.0624,10.3962
1.1254,8.9783
1.0889,8.0976
1.2735,15.0956
1.048,8.6237
1.0867,4.6594
1.0494,7.4665
1.0731,6.6254
1.0766,6.7462
1.0671,7.8418
1.0849,7.0675
1.066,7.3793
1.0451,7.9234
0.9833,7.6255
1.0321,8.0297
1.1588,8.6726
1.0213,6.2022
1.0039,7.2889
0.9958,8.6461
1.022,7.5415
1.08,7.9118
1.0117,8.1898
1.016,7.5591
0.9983,7.9205
1.0073,7.6867
1.5944,6.902
1.2497,7.1864
1.2396,8.6039
1.3973,10.9441
1.3803,9.3543
1.2439,7.9879
1.151,9.6844
1.1645,9.0627
1.3429,7.998
1.1252,5.2893
1.1036,8.301
1.1816,5.9721
1.4463,5.0749
1.1199,8.8449
1.3172,8.5367
1.3566,7.9345
1.0206,9.9351
1.1454,7.2733
1.0313,5.5534
1.0356,9.9996
0.9748,11.8199
1.0492,7.8815
1.178,8.3569
1.2352,5.2681
1.1649,5.6879
1.149,4.734
1.1648,5.8135
1.1251,5.2821
1.5179,10.81
1.1537,4.5985
1.3489,6.9152
1.2233,5.5322
1.1037,6.4528
1.1801,14.3175
1.0504,8.5096
1.0374,7.7548
0.9233,9.0057
0.9912,10.6797
1.653,9.4202
1.3608,6.1936
1.1558,6.7925
1.0628,5.1687
1.5401,8.6689
1.3744,8.5699
1.2989,6.4687
1.1321,4.5646
1.103,10.5765
1.2305,9.9849
1.0439,5.3557
1.1434,9.1914
1.1137,7.1583
1.3189,10.8614
1.2671,6.8606
1.6475,10.6814
1.0839,9.1567
1.1519,9.15
1.0821,6.8766
1.1317,5.1787
1.4722,7.6994
1.1452,6.0957
1.727,8.3303
1.1846,8.2201
1.1322,5.5521
1.1569,12.3547
1.5002,10.4773
1.172,8.7737
1.4486,9.1842
1.2803,8.9346
1.1416,7.0916
1.1238,14.3675
1.2796,8.2356
1.2739,10.4571
1.1063,7.708
1.2409,7.9737
1.066,11.9351
1.0352,8.142
1.5109,5.6652
1.3667,5.0221
1.2091,7.0766
1.2241,4.7313
1.4292,9.8913
1.2046,8.454
1.2226,9.5449
1.6954,5.6414
1.6907,7.192
1.0902,12.1366
1.3973,10.1068
1.1539,8.5044
1.2787,9.8567
1.0364,4.5771
1.0462,9.1471
1.0778,9.5575
1.039,5.5635
1.0511,8.3595
0.9952,8.1277
1.6254,9.5499
1.1928,5.8832
1.3601,10.4299
1.286,6.0548
1.6466,8.2952
1.2895,8.057
1.2254,5.6421
1.3786,10.1946
1.4357,5.4454
1.426,9.3265
1.1776,11.6007
1.0353,6.6818
1.1481,9.357
1.2537,5.1344
1.1392,6.0813
1.2458,9.1676
1.2687,6.1229
0.964,5.8011
1.0056,12.5571
1.1771,5.7314
1.7642,10.329
1.3485,6.3634
1.6911,13.9755
1.4249,7.1057
1.39,6.5647
1.3053,9.3406
1.2701,9.5446
1.3577,9.7516
1.1569,9.1702
0.9912,6.006
1.1246,9.1431
1.0502,7.9289
1.7672,10.2799
1.4657,11.9914
1.328,5.0103
1.3873,8.6302
1.3881,5.3276
1.0653,4.7417
1.2454,6.279
1.1837,8.7463
1.3817,5.8152
1.191,7.7187
1.0615,8.6982
1.2193,8.4163
1.2373,6.8575
1.2657,7.6108
1.0769,5.7634
1.1818,9.4728
1.0504,7.0053
1.2385,12.2532
1.5008,5.2702
1.1985,5.1279
1.3287,10.8247
1.054,6.7305
1.2351,8.7576
1.0219,5.7557
1.1644,10.7337
1.4832,9.279
1.0578,6.7232
1.152,7.3385
1.0436,12.7779
1.0546,13.7616
1.4133,10.1144
1.334,6.3848
1.3271,8.4997
1.4784,7.478
1.3096,6.0182
1.6006,5.6907
1.191,6.8927
1.4665,7.7717
1.2459,7.8471
1.1428,6.4899
1.1494,8.4355
1.6161,12.0421
1.0657,8.6851
1.1322,5.5624
1.4914,10.7738
1.058,9.3594
1.0666,5.2873
1.2552,6.1672
1.1364,8.5996
1.0666,7.4337
1.0881,5.9033
1.0512,8.4618
1.0252,7.8708
1.0288,4.2321
1.0161,7.9705
1.7435,13.8697
1.254,9.7803
1.4505,5.2642
1.3878,5.2486
1.2667,9.0695
1.1511,8.3122
1.099,6.4898
1.1977,6.7005
1.5155,7.2857
1.1493,8.4261
1.1623,11.1081
1.1855,6.1362
1.0622,7.9331
1.0777,9.1211
1.1662,8.805
1.5917,6.5637
1.3713,10.0396
1.6887,9.7199
1.2771,8.386
1.1059,7.6496
1.1487,7.5294
1.117,7.2906
1.2305,7.1061
1.2283,5.3867
1.1517,9.5927
1.5435,11.0959
1.4869,5.8131
2.1286,9.4366
1.3717,10.2986
1.1711,4.7347
1.3107,8.2407
1.2597,9.2423
1.2595,8.569
1.2237,7.6687
1.109,8.2343
1.0445,4.3142
1.5236,9.9177
1.1008,13.7721
1.0491,5.9804
1.1464,4.6843
1.1675,14.3626
1.022,9.0358
2.0003,7.8863
1.0128,10.0424
1.3764,4.8923
1.1978,8.0922
1.438,7.5355
1.176,7.7727
1.2289,5.4832
1.1858,7.9761
1.0965,8.1542
1.3298,6.9768
1.3462,6.7649
1.3296,7.9165
1.4055,13.7792
1.066,5.3506
1.0637,4.6897
1.1467,8.9592
1.0439,5.9641
1.084,7.6484
1.0792,4.8001
1.4859,10.5638
1.1263,12.4036
1.0651,4.6302
0.9853,4.3093
1.1419,5.0471
1.1645,6.9357
1.1776,7.8693
1.1747,8.6356
1.1461,8.8018
1.0977,7.8793
1.5615,7.2666
1.1995,8.159
1.1843,5.2105
1.096,8.6894
0.9909,8.3224
1.0546,8.2535
1.3224,5.6049
1.5248,5.5227
1.3216,5.6104
1.3613,10.0223
1.5702,7.9076
1.3743,6.8073
1.1209,7.1743
1.2483,12.5976
1.2179,8.8681
1.2352,5.7489
1.0259,8.9373
0.9874,6.1577
1.4489,7.5033
1.0873,7.2499
1.2965,9.7157
1.228,5.1087
1.4149,5.8974
1.2355,8.8877
1.2384,8.2078
1.3101,9.8799
1.1321,9.359
1.2993,11.6193
1.4496,7.03
1.0602,7.5867
1.5756,5.8041
1.1847,5.5295
1.0582,4.6953
1.1334,6.0059
1.0965,9.2144
0.9725,8.9735
0.9816,13.3493
1.0982,5.1191
1.383,10.0104
1.113,8.3941
1.1568,8.5212
1.0909,7.9605
1.1705,8.1247
1.0956,8.45
1.1189,10.3955
1.7303,7.9272
1.2529,5.9577
1.0466,6.3584
1.0485,12.6823
1.2262,4.8642
1.2216,4.6503
1.1639,8.2682
1.4548,9.0927
1.628,6.7607
1.5772,8.5313
1.3217,9.1398
1.1939,7.1687
1.1842,7.9231
1.3072,5.9131
1.1246,8.0501
1.349,8.8913
1.1915,10.1539
1.1909,9.587
1.2997,9.7184
1.7593,10.1439
1.0992,7.5131
1.0251,5.3642
1.2315,6.3554
1.4683,10.2602
1.5187,9.2814
1.5291,7.2584
1.6005,6.5274
1.3599,17.845
1.476,7.8443
1.1845,8.4021
1.2103,9.478
1.1503,6.7179
1.4015,11.3978
1.1806,11.3368
1.1161,7.3169
1.49,7.3762
1.2566,6.8017
1.6048,6.346
1.495,10.3961
1.4685,6.4511
1.0658,6.1468
1.1849,8.6416
1.2367,9.9877
1.488,15.6938
1.386,7.9578
1.1128,8.4187
1.1964,5.052
1.4764,7.7639
1.0989,5.684
1.1015,8.7905
1.389,8.34
1.2636,10.0887
1.1969,7.4991
1.2177,9.3887
0.9637,5.0584
1.2084,8.97
1.1478,8.3068
1.0874,6.0877
1.3206,7.5873
1.119,6.5084
1.4361,8.1217
1.255,6.0323
1.3264,8.5761
1.4798,6.0765
1.048,5.1066
1.3823,9.2689
1.1065,8.0983
1.5528,8.155
1.4898,14.5422
1.0478,5.3722
1.138,6.9328
1.295,5.3297
1.4416,8.1413
1.1854,5.3918
1.1088,5.8244
1.5673,6.2385
1.1156,9.3375
1.387,14.0637
1.2061,9.3302
1.1962,7.1393
1.1617,7.7582
1.2286,4.9304
1.0718,7.9844
1.1196,5.7586
1.0843,5.7984
1.7648,9.8452
1.0408,6.9445
1.2393,8.6437
1.0755,5.7887
1.0136,8.837
1.1457,10.181
1.5165,10.7289
1.4367,6.0962
1.1328,8.4128
1.2219,5.4421
1.1818,6.3503
1.4019,10.4138
1.1876,5.3789
1.4707,9.7143
1.2362,8.3186
1.2189,5.3775
1.178,8.2333
1.1702,6.9902
1.1951,6.5212
1.3464,8.7869
0.9589,8.4344
1.3736,5.0597
1.4086,10.9917
1.2238,5.8256
1.0967,6.6375
1.462,6.5025
1.4006,8.1103
1.1391,7.3725
1.1741,8.761
1.051,13.2607
1.2211,4.9197
1.3265,9.1863
1.54,10.6132
1.2151,7.3666
1.2409,7.0912
1.052,4.7744
1.0635,12.7122
1.3135,7.0575
1.2125,8.3335
1.1941,6.4207
1.2645,5.5044
1.2501,8.8983
1.5587,9.2902
1.3079,7.4867
1.9142,12.6729
1.1311,7.4631
1.3145,10.6799
1.0671,6.596
1.1566,12.2146
1.0972,7.8205
1.0313,7.8797
1.0527,7.605
1.0283,7.9841
0.9866,8.8558
1.0226,8.3726
1.1432,4.9849
1.1024,4.3781
1.2314,9.069
1.2969,7.9138
1.1662,5.4667
1.2851,10.1812
1.5845,10.3229
1.3372,8.313
1.3622,5.5862
1.3945,7.2672
1.3217,6.3292
1.2161,5.1658
1.1585,5.2825
1.4983,6.2476
1.1605,7.3899
1.1028,9.3741
1.2192,5.1628
1.0924,11.7278
1.0262,6.3669
1.0997,12.5606
0.9943,5.3812
1.4635,6.532
1.1809,4.4884
1.4252,6.1312
1.2865,8.4719
1.1555,8.9316
1.2266,6.4352
1.143,5.9062
1.4868,7.8632
1.0825,4.9965
1.0784,6.4826
1.0403,11.3044
1.0499,6.3779
1.2078,5.7859
1.3585,4.9965
1.1025,4.3703
1.1387,8.8793
1.2955,11.7471
1.0628,8.526
1.0213,5.0214
1.0112,9.3573
1.1266,8.4677
1.115,9.7627
1.4218,6.0452
1.1746,7.4081
1.3362,9.4229
1.0785,8.9498
1.5516,15.181
1.1181,7.6039
1.2512,5.1196
1.144,6.4506
1.2436,9.7262
1.1665,8.8983
1.3153,9.307
1.1013,9.5691
0.9995,8.1076
1.0075,7.6138
1.7116,10.8777
1.2134,6.6316
1.4753,4.9588
1.1308,7.5596
1.3751,7.7813
1.5088,9.7163
1.2862,4.6137
1.2907,8.7913
1.1479,6.6417
1.1418,9.3047
1.0458,7.7845
1.1435,4.6137
1.0559,7.9383
1.0109,4.9212
1.2001,6.0011
1.1203,5.3114
1.179,6.0748
1.6796,6.0559
1.2232,5.0231
1.188,9.3449
1.2805,4.8793
1.1487,4.4836
1.0411,9.8941
1.1359,5.2544
1.1642,4.7326
1.1976,12.1234
0.9713,8.7489
1.0185,7.9983
1.9212,5.894
1.6538,9.352
1.4577,5.3309
1.3071,5.4489
1.6804,8.4746
1.4654,10.1473
1.1761,5.7734
1.3014,5.1231
1.4561,5.6105
1.2652,5.8975
1.2828,4.6638
1.3929,5.4117
1.1655,5.7004
1.282,5.0115
1.0454,7.7233
1.4342,5.0675
1.0868,8.404
1.2073,5.6761
1.2026,4.9158
1.008,4.8505
1.328,5.1754
1.2077,9.4187
1.2573,5.7178
1.1487,10.9869
1.1177,5.1503
1.0178,5.1744
1.0238,11.72
1.2073,9.2757
1.0012,8.7396
1.0561,9.0618
1.0142,7.7611
0.9972,6.5712
1.2709,5.1252
1.322,5.9853
1.4858,5.6953
1.4976,6.4808
1.4344,6.5127
1.6287,5.8636
1.3239,5.7577
1.1783,6.8226
1.1394,5.1088
1.7541,8.0665
1.297,5.2531
1.2777,6.0347
1.3783,7.503
1.1485,4.5982
1.1887,5.8925
1.1885,4.8246
1.2352,10.0133
1.5902,8.9473
2.0216,9.3214
1.2298,7.3335
1.5251,6.5907
1.3727,7.7155
1.2639,20.5438
1.1297,5.3137
1.1257,5.9599
1.129,5.8379
1.1162,5.2219
1.5226,6.182
1.3018,7.3557
1.1931,5.9229
1.1831,7.1327
1.1938,6.4864
1.088,4.883
1.0472,5.1893
1.1203,7.0048
1.1837,7.121
1.0545,5.3513
0.9613,4.408
0.9661,7.6836
1.378,5.2053
1.5033,7.0275
1.3112,4.8798
1.4464,6.3044
1.2638,6.0128
1.7047,8.6774
1.3913,6.2842
1.4853,8.172
1.2155,5.3739
1.2375,6.2388
1.3485,6.8492
1.1833,6.9214
1.4509,7.226
1.5212,5.0911
1.3717,8.0476
1.2849,9.1563
1.0887,5.2288
1.355,10.324
1.2309,5.31
1.558,7.0078
1.5725,7.5391
1.0292,4.4501
1.1367,6.9387
1.3037,9.1131
0.9567,6.7918
1.1403,8.4776
1.0762,5.1554
1.1075,8.1612
1.2938,10.0137
1.0113,5.9309
2.1836,15.874
1.0254,7.3357
1.2277,8.853
1.0762,7.0347
1.0518,7.2553
1.0908,9.1509
1.0421,9.2187
1.0769,8.3053
1.2134,10.5734
1.0845,8.1746
1.0845,8.3143
1.7126,11.0815
1.5296,6.4449
1.2826,9.5946
1.2579,5.7572
1.2061,8.8835
1.4729,9.2208
1.4398,10.2101
1.5133,11.0188
1.4805,10.1106
1.1488,6.483
1.4688,9.7845
1.0572,4.5471
1.237,7.4827
1.1282,7.6638
1.2159,4.677
1.5046,11.766
1.2977,10.4552
1.0209,5.0587
1.2397,10.0111
1.4896,9.3904
1.0188,5.5524
1.0164,8.0608
1.2257,9.1797
1.3087,9.2727
1.3684,7.0105
1.2586,6.8788
1.3146,10.5058
1.2703,6.664
1.3453,9.3723
1.2207,9.9619
1.0436,5.7189
1.1915,6.3064
1.0463,4.8819
1.2939,10.3596
1.2597,6.376
1.1355,9.575
1.0945,9.7325
1.1394,8.7543
1.0392,6.0124
1.0435,4.4581
1.2749,11.9782
0.9731,8.7869
1.1638,10.48
0.9925,4.5304
1.0964,9.4994
1.0818,7.5751
1.1564,11.1719
1.2431,10.8739
0.9831,5.6349
1.0227,9.1664
1.0812,9.3495
1.0144,4.3363
1.0245,7.3707
0.991,5.5428
1.0371,9.4473
1.1082,7.0144
1.0503,16.4968
1.0158,7.2898
1.2204,4.815
1.2792,6.9521
1.0754,8.1809
2.1914,21.5556
1.5878,11.4153
1.2507,8.6196
1.3159,10.5834
1.195,9.0389
1.2591,7.3165
1.3211,6.8605
1.4013,8.6961
1.1745,5.7237
1.3392,10.1465
1.3932,10.1779
1.1928,11.4284
1.4808,11.2588
1.1413,7.209
1.1881,6.8778
1.6851,12.2142
1.1254,8.224
1.3869,10.5556
1.2015,8.6127
1.271,10.4939
1.4489,10.1101
1.0999,8.2733
1.1565,8.0558
1.0742,8.0901
1.1068,8.919
1.2665,10.5062
1.4528,5.4793
1.1972,9.8403
1.2718,10.8473
1.1004,7.2936
1.0836,8.1221
1.0639,6.7494
1.3454,9.8659
1.3382,5.0111
1.1817,10.3397
1.1003,6.9283
1.1229,9.1605
1.1274,9.2072
1.0668,9.2259
1.088,5.2961
1.0486,9.6202
1.15,10.1961
1.1099,10.2485
1.3688,6.2933
1.0533,7.9546
1.0135,4.7493
1.0694,10.2025
1.0968,5.754
1.0305,8.3096
1.0655,9.0047
1.0316,5.6744
1.099,6.2341
1.0533,9.3394
1.0135,9.1319
1.4543,8.0346
0.974,6.7614
1.0707,5.8837
0.994,8.7345
1.0066,6.4357
1.5343,5.5336
1.5247,14.1676
1.6558,11.1683
1.1833,9.7007
1.1972,8.1977
1.1342,10.1309
1.6033,11.0112
1.0971,7.8417
1.2754,6.426
1.2921,8.7272
1.2498,12.6502
1.1286,8.3233
1.1009,7.2732
1.2504,8.3229
1.1106,7.7239
1.0921,10.4328
1.2643,8.9205
1.3361,9.2883
1.155,10.4258
1.1057,6.6862
1.235,11.9108
1.1605,8.5496
1.2132,9.1636
1.1131,7.5724
1.1196,7.6119
1.2188,11.9438
1.2047,8.7566
0.957,10.2241
1.1533,9.8825
1.0515,7.9792
1.1646,10.2996
1.101,10.1044
1.1434,15.6183
1.0415,7.8534
0.9357,8.29
1.0356,12.5464
0.9543,9.162
0.9913,9.3381
0.9602,9.2097
1.5393,7.6274
1.2927,6.9748
1.4784,5.3266
1.5727,13.6162
1.4594,5.3568
1.1148,5.7924
1.3068,8.7686
1.452,9.7441
1.8135,7.5674
1.0917,11.6444
1.0594,11.0076
1.1548,8.8082
1.0814,8.312
1.134,8.0012
1.0143,9.8975
1.0083,4.7093
1.1785,10.2203
1.2384,11.5338
1.4632,15.9251
0.9818,9.5786
1.1748,10.1774
1.2994,9.1757
1.1493,11.7985
1.0849,5.2808
1.1009,6.732
1.4069,5.1994
1.2989,10.4526
1.319,14.0322
1.1393,9.2296
1.129,9.6934
1.0977,8.6926
1.2578,16.988
1.4934,6.8841
1.5972,8.7504
1.4047,9.1183
1.1796,5.2535
1.238,6.1838
1.4393,6.3165
1.1619,7.29
1.1091,7.8871
1.1462,4.9685
1.5336,9.5453
1.1653,7.4335
1.175,8.0742
1.2699,10.0348
1.1393,6.2976
1.1754,11.3882
1.0382,9.9944
0.9587,9.6568
1.3159,10.5652
1.1909,10.5114
1.1412,7.2924
1.513,7.4832
1.3245,13.3048
1.4189,5.8947
1.0361,8.2422
1.1198,5.8519
1.1925,5.9543
1.1632,12.5746
1.0843,15.4608
1.4634,8.0655
1.9231,14.7098
1.3231,12.8518
1.1796,5.8681
1.2801,6.7724
1.1204,5.1998
1.0999,8.2297
1.1243,9.1101
1.2397,6.5778
1.8396,10.4913
1.2537,5.8771
1.1667,9.0503
1.0677,8.8483
1.0897,10.2169
1.5408,5.692
1.2874,6.4801
1.0792,4.7526
1.2656,7.2061
1.8261,11.6759
1.3245,12.2004
1.2337,8.5917
1.3569,9.426
1.5401,6.9318
1.5515,9.6927
1.0977,6.7216
1.1836,4.7371
1.6845,10.8512
1.2272,7.1711
1.1395,9.0401
1.505,11.4556
2.095,19.6277
1.0333,8.7343
0.9919,9.5647
1.0058,8.5131
1.3765,10.2953
1.9994,15.6992
1.5306,9.4772
1.3736,10.0985
1.3183,8.0779
1.5555,5.3244
1.2106,5.2623
1.2748,13.5312
1.2577,9.326
1.1053,5.7873
1.0729,12.992
1.0321,7.897
0.9963,7.8104
1.7486,6.5132
1.578,5.6922
1.7903,12.1594
1.5023,11.0634
1.0674,6.2714
1.08,7.7439
1.4304,14.9024
1.0682,5.1489
1.0845,5.07
1.2798,12.8483
1.2777,12.7854
1.1422,8.416
1.4137,6.7242
1.2166,9.2478
1.1497,5.2657
1.0104,9.4433
1.1543,8.8977
1.2093,6.6982
1.0958,10.108
1.1733,12.5245
1.0723,5.5867
1.1044,5.1777
1.21,8.8603
1.301,7.9538
1.4618,7.2299
1.2309,9.6735
1.0072,7.2553
1.0001,14.3004
1.029,4.2913
0.9856,7.0934
1.2193,4.7065
1.1232,10.6393
1.2196,8.8672
1.5397,11.5398
1.2634,10.1161
1.2027,7.3336
1.6278,10.9085
1.2608,10.4428
1.6201,8.2679
1.1181,8.3569
1.2095,6.0228
1.2859,5.6781
1.2429,9.2173
1.315,8.9693
1.3079,11.9878
1.0397,5.3898
1.0084,4.8156
1.405,9.0844
1.224,6.5277
1.1865,9.0291
1.6037,8.3546
1.3244,5.9137
1.2947,19.9712
1.0997,4.9081
1.3768,13.2099
1.0505,9.4606
1.1296,9.5804
1.0401,7.8839
1.567,5.4695
1.4441,15.6726
1.2098,8.0492
1.1905,11.9184
1.3145,10.316
1.0997,10.3947
1.4422,8.6395
1.18,9.2715
1.2076,7.077
1.1176,4.4206
1.0365,5.3931
1.502,5.827
1.2613,6.044
1.1287,7.4219
1.1057,4.8525
1.2698,6.2062
1.6917,8.7166
1.3166,7.1999
1.157,7.0332
1.4205,7.3653
1.0748,7.6175
1.1646,10.6952
1.0264,5.8825
0.993,7.8713
1.2401,7.6584
1.0133,5.9808
1.1503,9.8203
1.6127,10.0859
1.6064,6.7335
1.324,7.6194
1.4386,12.0841
1.21,8.5991
1.2028,10.4709
1.1364,8.0429
2.0914,7.4106
1.0268,7.3358
1.0673,12.5026
0.956,9.6904
1.336,10.4076
0.9748,7.8335
1.3553,5.2303
1.8402,7.7615
1.8655,13.7477
1.3862,7.5194
1.3787,6.7393
1.2029,5.2336
1.1468,9.3195
1.5592,16.5976
1.2159,9.9816
1.191,15.0432
1.1223,10.558
1.0968,9.6845
1.4926,6.1002
1.7104,6.0198
1.0667,9.4948
1.2139,6.5296
1.4091,5.8099
1.1182,11.3747
1.3628,6.901
1.5286,9.2606
1.534,9.7947
1.0653,9.1323
1.0376,7.8236
1.0855,9.4078
0.9891,8.3791
1.4553,6.6
1.4047,10.6199
1.2941,9.195
1.1968,6.4026
1.219,11.7248
1.4463,15.4799
1.1696,6.3613
1.0958,10.5257
1.0925,8.105
1.8234,16.5859
1.6835,6.6012
1.513,10.7905
1.538,5.6242
1.3655,6.4915
1.2345,7.2441
1.7626,13.0607
1.2436,6.975
1.0978,7.8255
1.1972,9.7126
1.2995,4.8655
1.1971,10.1042
2.0327,6.4839
1.0142,4.8751
1.4705,8.3548
2.2107,15.9009
1.1467,12.5518
1.1795,7.0282
1.2982,8.7927
1.6108,10.4693
1.4345,8.3727
1.2173,4.8025
1.1035,8.1345
1.1705,9.3741
1.8007,13.0594
1.608,11.2683
1.1308,7.9698
1.4172,9.9771
1.2725,9.9956
1.4998,9.3193
1.1032,6.4235
1.1493,9.1803
1.2126,8.5198
1.1865,9.0744
1.1952,12.0074
1.0775,9.0568
1.2233,8.9836
1.0283,5.2725
1.0522,7.5868
1.0589,11.5024
1.0301,8.1715
1.4785,5.915
1.1992,8.4003
1.3374,6.1627
1.3121,9.4548
1.3527,6.3612
1.5385,10.723
1.1933,8.0763
1.1393,8.7596
1.1635,10.0373
1.1179,7.7166
1.1553,4.8727
1.1915,11.7519
1.1488,9.6779
1.0703,10.0259
0.9987,5.3902
0.9754,7.6964
1.5999,10.9739
1.3287,10.4297
1.2958,5.7685
1.1986,10.2462
1.177,10.709
1.2062,10.1379
1.1603,8.8667
1.3105,11.0371
1.3088,5.5321
1.5367,9.99
1.2209,8.7742
1.3184,5.6249
1.1939,4.9404
1.2857,5.5971
1.2138,9.7264
1.438,6.6293
1.0949,9.4904
1.6536,13.2669
1.0285,5.7808
1.2278,5.0955
1.0509,13.672
1.2245,10.0537
1.1266,10.7261
1.0334,8.6727
1.0412,9.5804
1.247,8.8409
1.1804,8.4942
1.5621,10.7263
1.3601,5.5886
1.292,7.8169
1.2136,9.6026
1.2758,7.5354
1.6147,7.3121
1.1848,8.1574
1.0797,8.1663
1.0585,4.5498
1.082,7.6716
1.4032,5.483
1.2377,8.703
1.1626,8.4194
1.3204,11.2377
1.3726,10.0501
1.229,5.1892
1.0976,8.9968
1.3923,7.8064
1.1718,4.4049
1.0425,7.7433
1.1061,8.1507
1.0563,4.9906
1.016,7.4506
1.3487,11.1694
1.2155,5.4082
1.1436,4.6278
1.6552,15.4426
1.2542,7.156
1.1531,5.6515
1.1655,7.0309
1.1391,6.1119
1.1257,8.1157
1.0689,8.1643
0.9931,4.8958
1.078,9.3596
1.0554,8.6893
1.0907,8.3792
1.1268,10.055
1.0303,7.4463
1.079,8.4371
1.7313,16.6159
1.3838,13.3116
1.5165,6.1232
1.1724,8.2548
1.3114,6.3903
1.1108,8.1503
1.3955,5.7923
1.4502,5.638
1.2317,7.9943
1.1758,6.6806
1.0496,6.1724
1.1999,5.8938
1.0282,4.7363
1.1985,9.1454
1.0274,8.9662
1.0201,8.1585
1.2187,9.694
1.3688,6.6618
1.3902,6.1197
1.3025,12.4443
1.2933,4.8034
1.546,8.2329
1.5281,18.7801
1.0554,8.4399
1.1949,9.8707
1.1664,11.4086
1.156,9.6538
0.9772,10.0356
1.0367,9.0363
1.4607,6.1066
1.2021,5.2454
1.0871,5.8319
1.4189,9.7897
1.1487,6.578
1.5331,6.4516
1.5688,7.9679
1.0397,5.9585
0.9712,7.2727
1.1335,7.0392
1.0738,8.5235
0.9702,4.3668
1.3184,8.387
1.1954,5.1657
1.1831,6.0311
1.1237,5.7509
1.3001,5.0572
1.1197,14.7514
1.2389,8.0007
1.0154,5.2541
1.1651,12.6911
1.0925,10.8485
1.1148,8.7718
1.3102,10.9522
1.1665,9.2916
1.0632,8.0143
1.4017,7.4579
1.3097,9.9758
1.3265,10.655
1.1085,5.7318
1.0941,9.5699
1.5736,7.7164
1.3357,9.5982
1.715,8.303
1.1542,4.5441
1.1427,8.9883
1.1501,8.0789
1.1832,5.0861
1.0994,8.7109
1.0067,9.1169
1.2231,10.4516
1.1173,6.7837
1.2465,4.9211
1.3689,10.0463
0.9713,7.5115
1.295,8.6216
1.3939,5.0459
1.4652,6.7095
1.311,10.0348
1.0637,5.949
1.0034,8.3908
0.9931,6.8318
1.6124,11.2375
1.1456,9.5525
1.2413,5.1775
1.3184,6.7996
1.33,7.3193
1.1883,4.8666
1.436,7.8831
1.3334,7.9342
1.342,8.3537
1.1594,9.3068
0.9777,8.0821
1.558,11.8617
1.2007,10.2628
1.6916,8.1984
1.4064,10.0364
1.1819,5.1946
1.3373,11.6946
1.3024,6.9683
1.1052,8.1421
1.2728,10.115
1.715,7.8246
1.5736,12.2149
1.3356,4.5914
1.0916,10.4409
1.0853,17.02
1.3653,7.8368
1.6661,7.8904
1.3548,9.8158
1.2561,5.5061
1.2959,9.0752
1.6442,13.9462
1.377,7.7063
1.356,17.0246
1.248,9.2705
1.3478,13.7622
1.1336,8.3911
1.2969,8.9062
1.1911,10.8609
1.1057,8.5436
1.1869,9.5522
1.2085,13.3147
1.6331,10.0456
1.6073,6.3296
1.3354,5.1559
1.3717,9.7117
1.1937,8.6294
1.5237,5.397
1.5404,5.3955
1.3761,9.1789
1.1064,9.4027
1.4402,5.6994
1.1193,7.8161
2.0099,7.1653
1.74,7.8455
1.3456,10.4114
1.1647,10.0451
1.0277,8.2921
1.1027,16.4697
1.2257,12.1522
1.2216,9.0133
1.6743,7.7632
1.2373,12.6939
1.2154,7.6492
1.2584,13.4634
1.2689,9.0883
1.2435,11.7707
1.1082,11.8196
0.9499,7.2883
1.0926,8.409
0.9941,3.9494
1.2404,9.7531
1.8747,12.4362
1.9226,13.8136
1.1401,7.5157
1.149,10.5711
1.3115,5.0006
1.0962,10.1891
1.1114,9.5981
1.0493,10.1032
0.9968,9.9499
1.0035,16.7923
1.0408,4.3391
1.4132,8.2985
1.1401,11.3328
1.6345,7.8124
1.1662,7.2052
1.1468,5.2911
1.4386,18.7982
1.8462,10.231
1.205,6.608
1.2771,7.1681
1.3664,5.0912
1.4327,5.1195
0.9937,9.0035
1.6625,11.5569
1.6904,12.515
1.2727,16.3468
1.185,9.2558
1.1198,5.3223
1.183,9.2701
1.343,7.9499
1.1358,11.3954
1.193,10.4709
1.0731,9.164
0.9695,8.3931
1.2701,7.8052
1.1419,7.2517
1.4475,9.1237
1.0698,6.9473
1.3375,14.4897
0.9852,10.1803
1.1138,9.0408
1.459,5.514
1.251,6.732
1.4944,12.2262
1.477,7.1653
1.2078,5.376
1.2746,13.8636
1.0789,9.2887
1.1088,5.4285
1.0754,8.217
1.1506,13.7009
1.0303,6.1019
1.3131,7.6036
1.4414,6.2131
1.1021,6.6585
1.3788,9.4847
1.2427,10.1133
1.3667,13.3854
1.1467,10.667
1.2913,14.8385
1.2208,9.8548
1.1367,10.032
1.0874,15.5529
0.9361,8.7657
1.143,4.5298
1.238,9.2081
1.1594,9.5425
1.3949,6.5639
1.4424,5.496
1.4681,8.3905
1.13,6.822
1.3852,4.6627
1.3896,9.6421
1.2056,9.3481
1.3474,9.3638
1.0842,7.1217
1.3102,15.2142
1.2035,10.6448
1.1321,5.1004
1.016,6.1607
1.1103,9.1499
0.9987,5.6306
1.033,4.677
1.7382,11.3561
1.0839,11.1823
1.1794,4.3417
1.1048,6.472
1.5832,8.733
1.2692,7.6117
1.3283,9.1707
1.0213,6.6133
0.9764,7.7154
1.582,11.9406
1.1009,10.5535
1.169,8.7518
1.4066,7.0782
1.1817,8.0663
1.5257,10.8931
1.2133,8.3796
1.1575,4.9212
1.3653,12.5538
1.2516,9.0912
1.157,5.0827
1.1536,4.4834
1.0705,14.0029
1.1637,5.704
1.0897,5.6125
1.57,5.8959
1.135,8.7468
1.1089,10.1355
1.2234,7.9372
1.3985,5.2715
1.0582,6.0141
1.46,11.327
1.0492,7.7624
0.9854,5.8659
1.1129,12.0224
1.4172,8.8027
1.3894,9.6699
1.4583,11.6478
1.3075,9.6599
1.3544,12.7866
1.114,8.6335
1.383,8.8161
1.2411,4.669
1.0679,8.1713
1.0854,7.932
1.0398,4.3179
1.1294,9.4723
1.0093,9.9596
1.0227,7.6615
0.9487,7.6039
1.1069,12.7009
1.0471,14.088
1.212,10.724
0.971,5.1288
1.0871,9.11
1.4052,4.5949
1.4268,5.5657
1.3229,8.8604
1.4327,9.8431
1.1453,5.8427
1.0368,6.212
1.1448,12.9868
1.9402,12.9706
1.7539,6.7998
1.3842,5.7221
1.5045,9.6037
1.7703,11.8168
1.212,12.1836
1.1359,9.3188
1.1557,11.2117
1.1917,13.0216
0.949,9.0852
1.0368,7.7898
1.184,5.1304
1.8109,5.5758
1.4998,9.0594
1.1656,4.5925
1.0508,5.0816
1.5099,18.6851
1.1682,9.1195
1.0247,7.6174
1.243,10.1147
1.0084,7.8172
1.721,5.4323
1.2272,10.2584
1.1482,7.2482
1.0927,5.2299
0.984,7.4747
1.927,9.9635
1.4668,10.8343
1.9321,8.7529
1.5109,10.4028
1.5558,13.402
1.3527,16.8178
1.2948,7.1766
1.0366,4.315
1.1696,10.6416
1.0804,8.7562
1.423,6.1255
1.2251,6.2016
1.3236,10.2178
1.1745,6.496
1.2339,5.2799
1.0413,10.1279
1.2882,6.0035
1.1106,8.0643
1.1568,6.0711
1.098,7.832
1.1877,12.9169
1.0254,4.7833
1.0119,8.0803
1.9483,6.1414
1.2505,10.2091
1.4884,6.4843
1.0517,4.5971
1.082,4.8423
1.0621,12.8713
1.7463,6.4935
1.5389,5.6745
1.1342,5.1419
1.1796,8.1706
1.3946,9.3358
1.273,8.6396
1.3231,4.7776
1.2498,9.9327
1.119,12.3285
0.9575,9.4438
1.0355,4.5402
1.091,18.5509
1.7878,16.0078
1.1758,4.3534
1.6004,8.9584
0.9361,8.9508
1.1566,10.5155
1.1048,11.8405
1.0846,15.7787
2.4252,17.2745
2.5029,15.1503
1.0855,6.4387
1.3036,8.5603
1.2399,7.1258
1.2669,11.0798
1.1734,5.8296
1.1686,9.1745
0.9711,6.6905
1.6104,11.4302
1.1288,5.4962
1.4878,7.0574
1.2356,13.4649
1.0358,12.6353
1.0098,8.4946
1.0706,8.313
1.0999,6.6669
1.0788,13.1592
1.2004,8.6277
1.1643,5.01
1.1995,8.4576
1.2107,9.504
1.2473,8.9553
1.413,14.1717
1.2822,5.1276
1.1514,7.4978
1.3636,6.0254
1.6183,6.419
1.5651,17.1401
1.5216,11.0426
1.122,6.6677
1.1459,9.7381
1.3761,8.5975
1.1147,8.6976
1.4706,6.365
1.3639,17.073
1.2886,6.4374
0.9667,8.1726
1.133,12.3798
1.0073,5.2481
1.2786,7.0816
1.0402,6.2949
1.5928,6.9593
1.2486,5.209
1.4324,9.099
1.0645,5.9521
1.0654,12.7033
1.0914,9.061
1.395,5.8931
1.0076,9.3157
1.299,9.2218
2.3413,16.744
1.1594,9.1107
1.2698,15.8828
1.514,7.7741
1.4441,15.0008
1.3193,12.2606
1.0049,8.4471
1.2478,5.2943
1.262,8.8504
1.1574,5.4742
1.2501,4.6416
1.2042,5.5134
1.3791,10.5738
1.1309,10.3061
1.138,14.2856
1.8243,9.5249
1.1631,9.9154
1.1242,5.3407
1.3492,8.7719
1.1048,13.5584
1.2787,15.709
1.1446,5.4628
1.234,4.9654
1.1657,13.5394
1.1744,9.8544
1.2132,15.4017
1.0169,4.9973
2.5149,6.9633
1.2483,14.7226
1.111,6.2008
1.1439,9.3798
1.2304,10.0712
1.2088,13.3046
1.2662,10.0825
1.1415,5.9201
1.1497,5.5328
1.3309,5.1565
1.2796,10.7784
1.3476,11.41
1.2223,9.7266
1.135,4.988
1.0417,6.9537
1.4589,8.7538
1.6132,9.3153
1.102,5.8845
1.0586,5.8046
1.2296,10.0098
1.1904,15.7333
1.0976,5.8234
1.0151,12.8252
2.1605,16.456
1.1806,4.5022
1.219,18.3316
1.3255,10.3491
1.0873,8.5631
1.06,5.216
1.0284,9.151
0.9933,4.7221
0.9622,9.3035
1.6522,6.5537
1.2059,5.7855
1.4057,7.935
1.1197,13.6944
1.1508,10.0133
1.3565,11.1075
1.0493,8.188
1.0949,11.9048
1.3856,9.1714
1.318,5.825
1.3044,15.2839
1.0457,8.4157
1.1277,7.3273
1.0989,4.2993
1.1713,7.5183
1.1834,14.6987
1.0759,6.7353
1.1973,6.955
1.0526,7.9016
1.1554,8.187
1.4543,5.5203
1.067,5.5668
1.0301,7.2329
1.0442,5.4614
1.145,7.8285
1.1101,8.3609
1.271,12.6996
1.2215,6.642
1.2579,11.0627
1.0538,6.3078
1.5699,5.3768
1.0468,15.6044
1.0602,7.7468
1.129,8.1068
1.1075,7.8057
1.2651,5.7532
1.5928,6.6411
1.1313,8.278
1.2008,9.5087
1.5602,5.438
1.0544,5.2356
0.992,4.4924
1.0852,9.4016
1.575,10.7929
1.0764,4.3878
1.2699,6.3382
1.1316,7.5233
1.229,5.1153
1.5651,6.7605
1.0233,5.2933
1.0521,5.2703
1.1422,7.1597
1.1453,9.4849
1.2447,9.9042
1.0907,8.7678
1.0846,16.546
1.0111,8.7359
0.9491,4.9453
1.0094,8.428
1.4513,6.6641
1.1256,7.6679
1.2867,4.8429
1.6674,6.916
1.1651,5.1776
1.2014,6.6743
1.5001,5.2046
1.0667,8.6573
1.0082,7.6423
1.2018,5.4484
1.1625,4.4864
1.3513,17.4892
1.0466,10.9008
0.9615,8.3706
1.1497,5.7836
1.5972,8.4976
1.4687,8.2364
1.3138,5.9643
1.0038,7.6541
1.4008,7.0356
1.5523,6.9999
1.0391,8.3226
1.0217,7.665
1.0723,13.7208
1.0042,5.1353
1.1265,10.492
1.2285,4.8066
1.3171,4.6182
1.3417,8.5371
1.1481,6.1694
1.7687,11.6073
1.3685,9.6211
1.093,8.2179
1.0576,5.0735
1.0536,5.8709
1.0175,8.7867
1.0759,4.9911
1.0117,6.875
1.1559,12.216
1.0805,11.2296
1.4211,13.1914
1.2039,11.8049
1.376,6.5159
1.0919,12.2338
1.0604,8.3519
1.6155,13.04
1.1175,5.0241
1.1611,14.2286
1.1471,7.8061
1.5273,4.8826
1.5057,7.6382
1.3001,10.6823
1.4244,8.909
1.0803,8.5147
1.1224,10.8955
1.2528,15.3772
1.4909,10.1037
1.4905,7.8852
1.2831,7.1407
1.1516,5.0942
1.5212,12.0262
1.3028,10.3838
1.6285,11.3665
1.2022,9.6767
1.0023,9.5279
1.054,6.7956
1.5541,6.179
1.0951,12.8213
1.0579,13.561
1.2344,12.7572
1.3039,12.4858
1.352,6.3481
1.0449,4.9058
0.9916,9.2674
1.0243,8.7472
0.9795,5.2373
1.7885,9.5528
1.4786,7.7801
1.1614,5.6672
1.3334,9.3234
1.2313,9.3147
1.5302,18.7105
1.3049,11.2099
1.0964,10.756
1.1903,12.0611
1.0671,11.498
1.4759,6.6824
1.0505,9.1771
1.1805,16.0813
1.2102,11.6882
1.1062,10.2019
1.1937,5.1323
1.1445,10.9402
1.2844,7.0367
1.6745,11.5877
1.0982,7.6048
1.0641,13.806
1.8096,14.036
1.2563,9.8891
1.1268,8.3215
1.1841,10.5106
1.191,10.7346
1.1821,13.0803
1.59,6.3535
1.0996,7.9511
1.2231,7.9525
1.0913,10.3704
1.182,5.0717
1.6195,11.5006
1.1181,5.1288
1.1162,4.4867
1.112,13.7143
1.4085,5.7414
1.2746,6.7479
1.9591,6.7121
1.2187,8.105
1.015,9.2033
0.9788,4.8043
1.4804,6.328
1.1351,5.4301
1.5576,10.0583
1.1319,7.8057
1.0499,5.1756
1.2842,9.022
1.0785,4.0632
1.0551,8.9296
1.3761,10.6241
1.1359,12.8066
1.1675,9.9463
1.3146,5.6316
1.4768,11.5802
1.1412,9.1682
0.9838,7.9169
1.1108,7.0397
0.9995,4.8518
1.1656,8.346
1.3466,4.8734
1.1654,4.2032
1.5533,7.2457
1.2823,5.7545
1.1548,10.1943
1.3258,10.8775
1.2129,11.4023
1.0061,7.9588
2.5709,19.5742
1.2098,7.1345
1.1191,13.4654
1.0223,9.6729
1.1032,8.1205
1.158,11.7157
1.1617,6.5322
3.0069,18.1933
1.0671,8.0778
1.3061,10.1776
1.4794,6.8959
1.1885,5.2341
1.2758,5.7886
1.046,9.7244
1.1671,5.75
1.1195,11.9727
0.9535,10.7366
1.3465,6.5819
1.2863,5.2102
1.0989,5.551
0.9018,14.0615
1.2469,7.9463
1.2627,16.5704
2.6053,9.3959
1.4062,5.1283
1.3573,7.0888
1.6426,11.6837
1.2137,4.6951
1.1527,7.3295
1.1109,5.0152
1.5592,12.8684
1.0137,11.5429
1.0813,5.7916
1.9444,17.7987
1.444,5.7129
1.0873,9.1195
1.0671,5.3015
2.0845,7.9685
1.3091,9.3234
1.5961,9.1507
1.2594,7.7865
1.789,17.4485
1.5378,6.3124
1.2605,5.1342
1.34,9.5538
1.2833,7.5465
1.4978,18.571
1.2756,10.6464
1.084,5.6122
1.1943,7.9591
1.422,12.0401
1.0649,9.7824
1.0997,5.8275
1.0955,6.7929
1.3942,12.468
1.3476,19.5228
1.3959,14.9655
1.2253,10.9818
1.1165,5.3912
1.0052,12.2865
1.2458,10.029
1.1524,5.2997
1.2108,6.0624
1.0722,8.8641
1.6385,5.3156
1.6559,10.3305
1.4975,8.1314
1.3624,6.1652
1.2819,5.3597
1.1713,9.5238
1.324,13.3287
1.1884,8.182
1.0029,8.2726
0.9836,8.1454
1.0403,4.9413
1.1154,16.8035
1.8342,9.7727
1.4751,14.1179
1.3789,10.5352
1.0932,12.293
1.1264,9.7369
1.4818,11.9148
1.311,9.1596
1.5298,7.0439
1.2565,10.3331
1.1215,9.0101
1.2868,7.1238
0.9842,4.8374
1.3262,8.6188
1.1712,4.8689
1.3849,5.1765
1.058,15.6303
1.389,9.6441
1.0287,12.5351
1.2157,4.601
1.4093,5.2928
1.2183,8.8348
1.3181,10.1718
1.1468,5.2095
1.3233,12.0697
1.0075,9.7442
1.0865,4.7877
1.5455,9.7442
1.4257,10.1802
1.8747,17.2555
1.3071,10.471
1.0683,8.7166
1.3915,7.7818
1.2132,7.1607
1.1491,7.6622
1.1675,12.9036
1.0942,11.9895
1.097,11.6887
1.0473,10.3377
1.3627,10.792
1.5657,5.227
1.61,11.3494
1.1868,4.6818
1.1526,12.2767
1.5875,6.9013
1.04,8.6713
1.3263,6.1487
1.121,4.581
1.2101,7.1363
1.1841,9.5556
1.3564,8.8515
1.1944,8.2966
1.0658,14.0673
1.4572,9.783
1.574,14.3065
1.4557,15.1051
1.2538,10.8567
1.36,6.6223
1.1338,13.7143
1.6471,6.369
1.1671,4.8922
1.4223,9.6995
1.1481,13.3663
1.1113,13.3356
1.2933,11.0887
1.111,4.5069
1.0753,6.2395
1.5245,12.1579
1.11,5.8537
1.2167,9.8354
1.3566,10.1121
0.9594,8.9718
1.3677,7.8389
1.386,6.5016
1.5228,6.1619
1.4476,5.652
1.6271,19.8205
1.6636,14.3834
1.1023,9.4668
1.4247,7.3575
1.1711,10.7487
1.8387,6.9778
1.0265,7.598
1.0655,9.157
1.7091,6.3946
1.3886,6.2645
1.2785,8.7676
0.9874,8.0764
0.9903,12.8602
1.3447,7.1358
1.0636,9.2977
1.2956,8.8172
1.0798,8.7346
1.4693,5.7034
1.213,13.6135
1.0901,12.2415
1.0008,8.9857
0.9925,7.8532
1.0408,5.7539
1.6905,12.1089
1.3303,7.1463
1.2323,15.4026
1.1587,7.2498
1.0741,7.8279
1.1147,10.362
1.0236,8.6121
1.6728,16.7714
1.4671,5.2157
1.1348,4.5325
1.087,12.8118
1.711,13.8787
1.321,5.49
1.2067,16.6852
1.3368,8.462
1.2927,11.5549
1.1959,5.1416
1.6379,19.5878
1.3377,12.8639
1.2926,6.3704
1.2576,6.0937
1.4451,21.3186
0.9527,12.6751
1.2322,12.5103
1.3033,10.7556
1.1,8.067
1.0529,8.2439
1.0922,15.1486
0.9635,10.292
1.0323,4.9776
1.1192,4.6008
1.1229,6.0223
1.6973,10.3896
1.4805,11.8582
0.8444,13.3321
1.0663,8.8234
1.0967,7.2088
1.1221,11.1352
1.1629,5.6799
1.0299,8.4884
1.0794,15.8105
1.0478,4.2153
1.0466,4.2632
1.0785,7.7509
1.5997,5.739
1.5121,6.7873
0.9943,7.9741
1.1623,5.757
1.0178,8.6649
1.3436,6.2829
1.1395,5.2737
1.2995,16.2983
1.1986,10.8898
1.3902,10.0366
1.274,5.7247
1.355,17.1576
1.267,5.3957
1.1904,14.395
1.6925,7.9785
1.4038,14.9439
1.0664,9.2295
1.1319,12.8583
1.1728,12.1661
1.4806,14.489
1.1284,9.1581
1.1095,8.1289
0.9969,7.9123
1.0522,10.3653
1.536,6.3282
1.291,18.0621
1.1221,7.4247
1.6215,14.7245
1.0061,7.5789
1.2924,6.1402
1.1679,4.2116
1.2724,5.6975
1.1706,8.6064
1.0934,6.8718
1.1938,12.1715
0.9714,10.529
1.4584,5.349
1.1223,4.6064
1.219,9.6398
1.1394,10.0777
1.0574,7.0413
1.4866,16.9328
1.3189,4.6232
1.1064,7.9809
1.2866,19.6035
1.6242,13.6825
1.1874,11.9309
1.3412,8.951
1.1839,13.0202
1.3482,13.0881
1.0696,13.109
1.4831,9.2611
1.3583,8.0996
1.1857,13.4648
1.0252,7.0424
1.6575,17.0713
1.1722,5.4145
1.2158,8.638
1.3219,13.8788
1.1469,16.7053
1.3013,5.1177
1.2449,6.3483
1.3622,15.954
1.049,6.1284
1.3166,5.4694
1.6843,8.0493
1.6609,24.5285
1.2402,6.5585
1.1149,6.667
1.0886,13.5893
1.2655,13.9433
1.2555,4.6838
1.1028,4.57
1.2903,12.0942
1.0523,16.761
1.1128,15.7851
0.9984,6.6223
1.3203,4.7619
1.6578,13.927
1.3281,11.0078
1.3597,12.3227
1.5728,10.2891
1.3651,6.1221
1.442,6.5569
1.2365,10.7263
2.4384,19.5457
1.0989,12.0776
1.3106,17.1062
1.6088,14.8703
1.1056,4.4348
1.2458,10.532
1.0005,10.9762
1.0018,4.4923
1.1819,5.0606
1.143,10.3307
1.2125,10.3996
1.028,8.1058
1.476,13.0742
1.3457,4.3566
1.2173,16.9126
1.2972,6.5306
0.9964,10.8669
1.3314,14.0275
1.5814,18.2604
1.112,6.1108
1.2121,14.1039
1.0711,13.6984
1.0125,5.141
1.4038,4.7813
1.5312,5.6358
0.9744,10.2215
1.0821,4.3156
1.1565,10.2792
1.1077,4.6645
1.1654,11.0594
0.9816,8.0288
1.0173,13.9017
1.1723,11.3507
1.2844,5.0631
1.3723,4.5932
2.0998,7.4749
1.0011,7.2135
1.3601,9.6623
1.9833,18.7948
1.4466,6.5779
1.1764,6.1942
1.2697,10.5074
1.2486,12.7442
1.3438,12.9904
1.158,4.0837
1.1151,7.9919
1.6646,7.3682
1.3434,14.7844
1.5433,7.5144
1.4723,12.9939
1.0254,8.7405
1.0887,8.9825
1.0273,10.5712
1.2224,13.6941
1.0237,11.9465
1.2608,5.7087
1.3118,6.3738
1.0641,5.3704
1.256,11.3417
1.1464,9.6401
1.2418,14.2852
1.4198,17.3956
1.0354,13.3629
1.4849,11.4122
1.3585,6.9455
1.1654,5.3273
1.0959,4.1014
1.4962,9.3898
1.3279,8.7052
1.0256,5.2885
1.2962,4.2553
1.1215,12.8206
1.1218,4.5228
1.2755,6.8855
1.2931,7.9547
1.3404,4.5183
1.1245,6.5849
1.2175,9.9717
1.0811,9.0574
1.3318,5.5605
1.2708,6.3102
1.0586,9.959
1.092,9.1877
1.0127,6.829
1.5299,4.7658
1.3427,19.2375
1.2831,6.3554
1.5813,8.8115
1.5473,4.737
1.4065,4.7266
1.0648,12.1133
1.179,8.8214
1.4354,4.6669
1.4733,22.6746
1.2909,4.6375
1.4241,4.8976
1.2993,4.6435
1.4692,4.9386
1.3238,5.3391
1.2928,4.5195
1.069,4.1657
1.3423,4.7834
1.2596,4.143
1.024,4.0227
1.2217,4.4799
1.0225,3.9522
1.5516,15.5935
1.059,4.1073
1.0193,3.9789
1.0034,4.1195
1.0673,4.2122
1.0202,3.72
1.0768,3.8202
1.1422,3.9676
1.398,4.7894
1.1536,4.4105
1.0172,3.9875
1.2181,5.3357
1.23,8.2335
1.1349,4.1167
1.3571,23.3378
1.0781,7.8664
1.0316,4.1799
1.2097,5.7041
1.2266,8.9849
1.4339,10.9172
1.0048,4.0407
0.9805,4.0118
1.2117,16.5529
0.9885,3.9693
1.3278,14.6287
1.4576,15.6579
1.257,5.6234
1.2401,7.4637
1.3753,24.8327
1.0383,3.9232
1.1533,11.8568
1.1902,5.1463
1.0957,4.049
1.4319,7.2862
1.3754,11.0065
1.0808,6.8916
1.6983,17.8304
1.1812,10.7034
1.8019,23.7429
1.5135,9.6915
1.4028,13.1757
1.2681,10.3249
1.0991,8.2735
1.207,9.8418
1.5647,6.668
1.3505,5.9725
1.202,18.8165
1.0469,8.9308
1.748,15.9682
1.5047,10.2206
1.6591,11.3669
1.2833,17.116
1.0559,11.4735
1.1811,10.7201
1.0448,11.8085
0.9858,13.7498
1.0238,6.4843
1.0864,9.3168
1.5649,5.7233
1.4732,25.1237
1.3969,13.7526
1.5455,17.6106
1.1121,9.5794
1.2243,4.975
1.4586,16.2626
1.3904,11.8254
1.0184,7.6487
1.1006,5.4823
1.0793,4.3111
1.0347,8.8377
1.5205,5.8921
1.2171,8.2297
1.3483,20.6414
1.2366,10.9972
1.0382,8.2976
1.6919,5.2427
1.4959,9.6672
1.2086,6.8945
1.0372,4.1268
1.3557,5.6693
1.3341,22.2918
1.1949,6.27
0.9713,12.1052
1.3678,7.7671
1.4736,11.7855
1.1361,13.3365
1.0884,14.8749
1.3749,10.4947
1.1472,12.0085
1.5336,12.5523
1.095,8.6909
1.3594,10.2537
0.9124,12.4665
1.1463,12.828
1.0205,4.3691
1.1972,5.0532
1.5016,25.1134
1.1871,9.2935
1.4524,10.9267
1.369,21.6055
1.0119,13.8037
1.094,5.952
1.5251,6.2812
1.076,14.7838
0.9699,4.989
1.0867,3.9025
1.1388,9.7172
1.1251,4.5832
1.2192,9.2938
1.1185,8.1047
1.0468,14.2952
1.1018,3.9539
1.053,10.8968
1.549,6.3515
2.2956,8.2144
1.1642,8.8567
1.0544,13.1685
1.0987,5.4285
1.2573,5.5751
1.214,14.5584
1.1598,9.5271
1.0674,4.1816
1.0401,13.8471
1.015,8.6102
1.1226,15.7477
1.4649,5.6237
1.8655,9.8924
1.8651,17.5812
0.9966,8.8018
0.9767,5.0187
1.529,6.8434
2.2632,16.4372
1.1253,4.4259
1.0543,3.8598
1.2024,6.1703
1.8772,12.2004
1.7475,6.4824
1.7021,13.9393
1.0125,8.5653
1.3268,12.584
1.1618,8.8913
1.0512,4.62
1.2273,12.8566
1.271,4.7245
1.186,7.339
1.5598,5.2065
1.1132,11.2851
1.2691,6.1703
1.4909,13.8901
1.1661,11.7306
1.5657,5.9121
1.1561,8.8528
1.7241,28.9048
1.3256,8.4863
1.1629,4.355
1.1684,6.0908
1.2334,7.5804
1.1528,15.3453
1.2161,16.0096
1.0165,3.966
1.4825,6.2714
1.386,14.6657
1.4135,13.6583
1.5202,9.5146
1.2772,5.5654
1.3647,20.738
1.4484,4.8035
1.3238,9.1827
1.1008,7.764
1.1092,3.9673
1.2005,19.6158
1.4454,6.8294
1.2136,12.1276
1.1733,4.2916
1.0903,4.4661
1.2645,8.5638
1.1658,4.5474
1.2358,19.801
1.335,23.4749
1.4273,22.7717
1.2695,15.3575
1.6676,5.149
1.0504,4.048
1.6138,5.0239
1.0515,12.3391
1.1268,17.7607
1.1699,11.0611
1.08,8.927
1.5759,13.2216
1.2528,12.1056
1.0473,5.3277
1.1513,11.5334
1.4576,9.9208
1.9742,18.5308
1.6257,14.8319
1.1864,17.4891
1.2214,14.4338
1.6897,5.6152
1.2528,4.3383
1.2776,22.9761
1.0693,14.3976
0.8631,12.021
0.9769,3.8031
1.3649,10.693
1.0087,8.8262
1.4346,15.2251
1.3022,13.4551
1.0458,8.3
1.5834,26.6294
1.3459,4.8269
1.4287,22.5043
1.0433,4.7951
1.0896,4.7757
1.8133,24.8955
2.2704,17.8121
1.0363,9.1632
0.9911,14.5223
1.2415,8.7172
1.4965,6.4954
1.1373,6.7366
1.5264,6.8911
1.7718,13.6974
1.1851,9.768
1.3604,15.9905
1.4749,8.0465
1.5885,10.4034
1.4111,17.2132
1.8599,28.7896
1.0941,11.6325
1.0796,13.1129
1.2171,10.3243
2.097,28.7918
1.5386,5.7885
1.1115,19.599
1.2385,10.3
1.6235,12.8327
1.5914,23.8024
1.1963,13.3185
1.7008,7.1777
1.0969,4.1098
0.9887,4.5292
1.0312,3.9013
1.1722,9.487
1.1599,10.8338
1.5262,5.1575
1.7372,9.3423
1.0796,9.1304
1.2749,18.7369
1.0518,8.5207
1.0942,4.3957
1.308,12.6722
1.5977,20.7316
1.8541,8.0295
1.5157,7.2884
1.1593,8.9376
1.4762,9.8864
1.1075,4.5831
1.0225,5.2411
1.0904,5.4849
1.1838,9.4772
1.2407,6.6196
1.1108,16.2414
1.1521,10.9992
1.6788,5.2857
1.4253,11.3137
1.0443,10.9651
1.6724,13.9055
1.1242,3.8978
1.6031,5.215
1.308,9.7966
1.0931,8.1766
1.3607,16.3186
2.0677,18.7414
1.0984,4.0333
1.272,5.422
1.2882,9.2452
1.3415,13.7381
1.2158,12.0941
1.0519,11.2862
1.125,20.3068
0.9549,12.0033
1.1937,4.0579
1.2505,10.2834
1.1895,4.1972
0.8176,9.7189
0.8329,12.446
1.033,13.6481
1.2719,4.3389
1.3,12.1016
1.1145,14.1974
1.3131,4.477
1.1818,4.8661
1.1182,15.9713
1.642,4.9393
1.3366,16.0687
1.0228,4.4676
0.941,11.0109
1.5309,4.6372
1.588,6.1397
1.121,4.019
1.7224,28.437
1.9826,23.7311
1.4272,31.3524
1.2005,28.6412
1.4133,5.6395
1.2025,6.556
1.5098,14.7836
1.1622,12.9818
1.2698,16.7158
1.0892,17.2326
1.4314,32.0866
1.2441,4.5322
1.2378,13.201
1.1625,8.4002
1.0565,3.9351
0.9988,10.5926
1.5313,12.79
1.2697,17.5839
1.0954,4.0682
1.1487,6.2428
1.4055,5.3925
1.2379,4.4956
1.1876,4.3073
1.2413,4.4988
0.979,11.0994
1.4109,13.3626
1.1705,10.1272
1.0175,15.0756
1.5733,19.8956
1.0876,15.9499
1.7304,5.3814
1.3231,14.6812
1.3616,22.9069
1.4025,18.6179
1.3922,5.4649
1.1915,25.5087
1.054,8.0484
1.1854,10.0036
1.0779,3.9257
1.1347,6.7175
1.6618,21.7505
1.4459,19.2091
0.9083,13.7624
1.2104,6.4888
1.3016,13.4803
1.1915,9.9527
1.4353,11.3166
1.5906,25.3406
1.1966,13.7561
1.0763,9.8653
1.2865,26.3816
1.2006,6.2902
1.024,12.9816
1.1731,11.6533
1.1011,22.491
1.4827,4.4364
1.334,4.3635
1.2853,4.2966
1.4528,4.4901
1.0248,3.7546
1.0785,3.8095
1.3324,22.0388
1.1797,4.353
1.0934,10.7586
1.1449,12.4971
1.1429,8.9063
1.0054,3.795
1.3671,22.4401
1.5826,5.9332
1.5005,7.5227
1.2336,4.6213
1.9535,30.2344
1.4374,17.5875
2.1321,16.147
1.4534,6.5609
1.4074,4.6048
1.4066,22.3593
1.1857,15.8355
0.9908,10.6924
2.0674,5.7881
1.1487,19.2854
1.3835,15.1255
1.191,4.7617
1.0967,9.1787
1.0539,3.9422
1.2636,16.0358
1.3684,4.3859
1.676,5.2323
1.3584,4.528
1.447,4.6917
1.3198,4.4804
1.4314,4.881
1.0108,4.0457
1.1356,4.7093
1.1441,4.256
1.4527,4.8613
1.1451,4.2711
1.2974,4.1456
1.2078,4.2967
1.3947,4.6742
1.0794,4.1129
1.1584,4.4109
1.1422,4.331
1.0557,4.1641
1.0587,4.0757
1.6373,19.7187
0.9364,6.3507
1.3018,4.5744
1.43,4.9371
1.1296,4.2041
1.353,4.5506
1.2353,4.4619
1.1414,4.2518
1.4034,4.6095
1.0433,4.0325
0.9503,3.7987
1.049,3.931
0.9557,3.7929
1.0137,3.908
1.0021,3.7772
0.9852,3.9742
1.0821,4.2038
0.9934,6.3277
1.0029,3.7928
0.9852,4.0839
1.2187,4.0786
1.3945,10.989
1.2522,5.3403
1.4457,22.3806
1.4938,24.7973
1.0598,7.9869
1.0333,12.4553
1.0491,15.4905
1.0583,10.5902
0.9475,15.0148
1.0968,4.6605
1.1812,6.2472
1.2451,4.1138
1.212,4.1161
1.226,5.7838
0.8361,12.6829
1.2473,4.328
0.9468,4.3843
1.0829,3.8978
1.1735,14.4781
1.1417,14.7334
1.1361,12.9784
0.8245,18.6541
1.6241,5.5523
1.0187,7.4833
1.014,14.097
1.0451,9.2666
1.7296,7.0677
1.2117,4.3572
1.0172,7.391
1.16,9.1801
1.1004,4.8702
1.2691,4.3969
1.306,23.0756
1.0667,4.0435
1.1884,13.9588
1.9399,16.7545
1.1316,15.5144
1.2868,5.0586
1.506,18.6542
1.3652,14.8244
1.6399,17.5091
1.324,4.6301
1.1267,16.7451
1.0281,8.1349
1.0238,4.0415
1.0989,9.5582
1.1346,3.9141
1.3373,19.9575
1.265,22.9709
1.3868,14.7527
1.1808,4.0928
1.2309,10.5189
1.2768,4.6204
1.0916,16.6691
1.8045,19.693
1.2667,15.7005
1.2809,4.4248
1.1387,14.9782
0.9681,9.9228
1.6518,19.1545
1.2194,16.6591
1.1716,22.6679
1.3885,23.7893
1.9195,25.7846
1.5443,12.8382
1.174,13.2954
3.004,24.2219
1.0728,4.0005
1.0035,11.0455
1.5097,4.7668
1.0777,3.9894
1.0723,11.7972
1.5466,4.9067
1.1513,15.1684
2.0586,23.7315
1.0517,9.1457
1.1572,4.1246
1.4365,31.3166
1.0867,17.9375
1.109,4.1843
1.3703,14.9728
1.1345,7.1674
1.3821,17.473
1.3588,21.2836
0.9881,3.7734
1.6235,25.6804
1.5201,31.0391
1.5482,26.3144
1.1556,17.1261
1.3247,30.6031
1.0514,11.4747
1.2278,11.2958
1.4957,19.435
1.4727,4.5162
1.0626,13.6082
1.8141,5.6657
1.3188,8.1595
1.2707,5.3476
1.8102,17.0398
1.9273,21.2641
1.2772,17.9149
1.1226,4.0441
1.4546,21.0721
1.3044,13.2391
2.343,51.5885
1.2868,10.5326
1.1215,15.1809
1.1148,17.1447
1.0268,4.5452
1.3067,4.4192
1.2826,4.4607
1.9819,16.6593
1.2949,12.0106
1.2508,15.0057
1.4185,14.4291
1.0781,12.423
1.6016,4.8517
1.2454,10.396
1.916,7.0662
1.0703,14.6881
1.0316,9.7737
1.0416,10.9919
1.3448,7.2362
1.4558,23.8783
1.5994,6.8154
1.227,30.0239
2.7263,10.7814
1.1904,4.3919
0.9814,3.6599
1.1689,4.0914
1.3183,15.6544
1.1659,4.0941
1.11,24.0664
1.3563,19.8886
1.8578,17.7939
1.0941,14.039
1.4941,26.6479
1.5513,4.7438
1.3838,16.639
1.328,7.0505
2.9588,33.1739
1.2509,25.4125
1.0936,16.2736
0.9798,13.6971
1.4699,4.318
2.071,26.1774
1.4799,5.0821
1.5955,28.1024
1.0749,11.1683
1.3899,12.1167
1.2407,25.8312
1.1566,14.6658
0.9537,17.9513
1.06,4.1266
1.2745,8.1631
1.7259,4.8915
1.0953,18.9864
1.0029,10.8199
1.7873,38.5233
0.8524,12.5063
1.8613,7.3345
1.9391,32.792
1.2901,22.1904
1.1817,16.4541
1.5821,4.8683
1.1531,11.548
1.4419,15.2795
1.1358,19.7155
1.4431,17.2739
1.1902,10.8797
1.2966,23.9588
1.1622,3.979
1.8304,18.4835
1.2112,13.7836
1.2208,4.4159
1.1869,4.2218
1.7095,20.1021
0.9368,13.2625
1.2573,14.852
1.038,15.9267
0.9326,13.1992
1.2331,17.9069
1.3633,19.7792
1.2547,4.3927
0.918,12.8471
1.0756,14.455
1.0739,14.5878
1.4922,4.7059
2.2035,7.9074
1.1593,19.9975
1.0953,4.6974
1.1315,4.0732
1.5596,4.6034
1.4957,22.7933
1.8601,24.5955
1.1459,19.0143
1.2223,8.8732
1.1371,3.9888
1.4711,18.619
1.1665,10.3245
1.7786,5.0329
1.1786,13.3282
1.2311,4.2103
0.9985,12.5052
1.2313,19.5175
1.2023,17.0078
1.2059,4.2985
1.2038,4.3246
1.4358,9.2888
1.3388,5.0398
1.2123,17.6034
1.1006,4.7489
1.2325,4.2749
1.1063,4.2051
1.4341,25.9732
1.2798,4.3266
0.9417,11.1131
1.4586,18.7783
1.5203,24.2469
1.016,12.0772
1.0926,14.7364
1.0651,12.0563
1.1313,17.1501
1.2464,4.0241
1.2344,20.2779
1.5981,5.156
1.1906,4.1126
1.3667,22.3275
1.0211,19.9872
1.5919,24.5029
1.4242,20.3529
1.3032,7.3972
1.3511,18.4292
1.419,4.433
1.2039,22.3873
1.2726,4.4602
1.4255,4.3304
1.2323,22.3658
1.9232,22.2922
1.8304,14.5411
1.0698,12.0687
1.3448,23.6627
1.3395,14.0015
1.1167,29.0162
1.1874,18.3146
1.3711,16.2146
1.9697,26.842
1.4335,30.6875
2.1633,36.3328
1.132,14.0434
1.8533,27.3027
1.063,3.9872
1.2398,19.0344
1.2345,15.4732
1.5809,25.6208
1.6485,24.384
1.3235,15.8976
1.4117,29.1501
1.091,11.1032
1.7362,28.8416
1.1035,13.0014
1.4308,17.1301
1.1733,4.0207
1.6223,5.0021
1.3962,24.9387
1.2842,21.9941
1.3758,34.9862
1.3817,19.5393
1.5941,24.2209
1.4985,19.3257
1.283,29.7169
1.2056,20.5674
1.6888,30.5315
1.0401,22.214
1.2519,15.0159
1.1255,13.7884
1.6405,27.0401
1.2466,13.236
1.3136,21.2446
1.51,25.2524
0.9687,25.3591
1.2061,5.7995
1.0461,24.792
1.3596,19.0321
1.5239,19.8374
1.1077,19.606
1.6155,23.3971
1.608,23.56
1.7365,14.2783
1.2196,14.4595
1.3381,33.1288
2.1457,43.6577
1.4812,13.5069
1.2475,13.1521
1.3954,4.3393
1.4002,35.1617
1.5352,40.0473
1.1934,21.4326
0.8738,9.9239
0.958,12.9761
1.6878,5.2717
1.1745,16.5588
0.967,11.0441
0.7788,12.9391
1.3797,20.7686
1.0561,13.7772
0.8771,37.5841
1.5092,4.8623
1.2122,18.28
1.336,28.0467
1.1686,20.6608
0.9254,14.9735
1.1794,14.9698
1.6074,16.4098
0.8125,39.373
1.1337,16.2162
1.3218,13.4578
1.4537,4.2723
1.3822,17.4446
1.3633,21.6491
1.0499,21.0469
0.7835,17.3857
1.0025,22.9068
1.2678,30.1177
1.6475,4.4993
1.1007,20.6039
1.0507,12.0616
2.2534,36.0345
1.0923,38.9271
1.3308,14.3632
1.629,4.8795
0.9673,12.6607
1.3983,23.1078
1.3159,28.9944
1.9268,45.1371
1.6277,56.996
1.0815,27.8919
1.3873,31.2807
1.5415,28.4458
0.9469,24.8047
1.16,18.1876
1.2223,4.3579
1.1953,14.5481
1.1675,15.3487
1.471,6.3056
1.1298,21.5283
0.9746,3.7667
1.212,4.2261
1.1085,20.9593
0.8858,20.9474
2.2876,70.7497
1.4765,17.3878
1.2513,40.1554
2.0194,26.949
1.3783,24.3127
1.6722,19.96
1.6132,28.7972
1.0105,4.5408
1.9094,39.0513
1.4492,16.6222
1.0239,11.405
1.4433,25.9321
1.3163,27.0177
1.2313,4.7141
1.1561,13.3889
1.1142,21.4319
2.0726,34.1137
1.196,34.4344
1.2793,24.6891
1.217,17.5405
1.4051,32.5087
1.1545,27.3052
1.3082,30.8176
1.2577,32.4673
0.6723,19.4314
1.3508,31.4047
1.2488,30.7314
1.197,27.64
1.2155,25.3424
1.2986,4.4525
1.3545,24.6682
1.5451,36.0357
1.5588,7.532
1.1763,31.0374
1.4609,35.2757
1.2971,32.4669
1.6163,20.403
1.3528,29.3681
1.282,7.0063
1.2833,23.6731
1.8278,23.4176
1.23,19.6093
1.421,21.5822
1.5736,30.6465
1.2254,21.6723
1.5857,44.1132
1.2683,4.8179
1.4134,4.3316
1.2323,7.1336
2.128,44.9079
1.0164,11.2214
1.3817,9.9627
1.0951,18.8706
1.3593,16.492
1.1557,3.8351
1.495,25.0083
0.8807,18.9425
1.7968,5.0614
1.3331,29.3889
1.1655,20.2424
1.1832,6.936
1.3921,34.6081
1.1713,25.0813
1.4194,33.2253
1.486,39.8931
1.1048,18.9421
1.8331,8.3388
1.3241,11.0044
1.932,6.1063
1.0941,4.0413
1.4199,24.6203
1.4632,36.3302
1.1287,29.0127
1.4285,32.0808
1.3556,4.6568
1.7096,24.7903
1.7821,33.1888
1.1309,27.84
1.1427,28.3914
1.2298,27.3747
1.6492,43.3756
1.2326,8.5739
1.4147,43.9728
1.1576,3.9926
1.5355,4.5983
1.0282,3.7896
1.4243,19.5363
1.7205,37.3683
1.3968,19.1622
1.4223,5.9075
1.2672,32.8978
1.2104,17.2056
1.8151,17.3733
1.8089,29.6173
1.6488,45.9296
1.5224,18.3209
1.2139,3.9818
1.7592,38.7321
1.2443,21.9064
1.1471,13.0177
1.0887,9.7352
1.1956,15.4799
3.0754,31.225
1.3854,15.7945
1.4563,37.2837
1.4738,21.0332
0.9764,38.5729
0.8082,21.9343
1.305,42.8777
2.1344,36.7014
1.4813,19.0823
1.7107,27.59
1.1703,4.1144
1.5151,35.0044
1.4469,32.3688
1.3485,23.081
1.2072,23.4009
1.8341,4.9879
1.7718,34.3242
1.8373,8.5387
0.9747,14.1751
1.6325,23.1472
1.1385,21.8281
1.3198,21.1645
1.1633,28.9324
1.3405,28.47
1.985,17.5626
1.483,20.2176
1.2191,32.0867
1.523,14.8759
1.8826,5.9868
1.5228,23.4021
1.1743,16.6982
1.4151,32.1405
1.4364,4.7183
1.2752,24.7183
0.9487,9.0161
1.1479,23.3741
0.7671,17.6563
1.0636,4.5512
1.4048,47.6307
1.309,28.0612
1.2822,17.5982
1.1037,4.1291
1.4629,6.5728
2.2932,35.5704
1.7487,42.1138
1.2799,23.6248
1.007,3.6653
1.4447,25.5007
0.668,11.3619
1.5028,32.0283
1.2496,21.7705
1.7608,39.1247
1.9627,6.5386
1.3329,27.5672
0.6344,2.8935
1.4241,22.453
1.4448,34.6345
0.6466,2.8616
1.6313,31.6307
1.6415,4.9042
1.1232,36.0139
1.159,20.3861
1.851,20.9406
1.2237,18.4804
1.55,44.0514
1.806,48.7579
1.5338,27.21
1.2199,19.0003
1.1519,40.3861
1.4675,43.9754
1.5476,32.6042
1.3218,40.6579
1.8429,41.2252
1.4061,32.2091
1.4648,5.2293
2.9155,59.7327
1.5383,4.5377
1.596,30.4353
1.1641,20.5392
1.3228,18.8948
1.0812,31.8366
1.2446,26.4725
1.8487,37.7656
1.6066,36.1028
1.1816,20.0438
1.343,4.6339
1.332,10.527
1.7342,4.8413
1.0854,4.1712
0.9901,4.0752
1.3674,17.9416
1.0725,3.9948
1.1621,36.3661
1.4058,21.9527
1.8263,29.3592
1.8444,27.5516
1.2288,24.4607
1.3594,14.8814
0.8436,8.9317
1.2346,28.7691
0.9654,20.0757
1.5105,24.926
1.2699,18.8785
1.8799,36.0359
1.2487,29.9414
1.4118,46.6251
1.3632,20.8135
1.4207,39.984
1.1926,19.7001
1.073,13.9553
1.4785,25.4393
1.2899,17.9544
1.3698,23.9553
1.3769,31.6484
1.2694,29.9004
1.6952,30.8102
1.1631,18.3953
1.1995,20.0593
1.2041,27.1955
0.5701,2.7346
0.5851,2.7862
3.3233,25.0308
2.6441,19.1212
2.6048,21.8403
1.3531,12.1139
1.7429,21.2242
2.2929,33.0736
1.4738,16.9778
1.111,21.6745
1.5626,22.858
1.4306,20.0013
2.7365,24.1021
1.1571,7.8709
1.4086,11.169
3.6651,27.0868
1.4534,28.7426
1.226,29.51
1.4228,17.4745
1.2834,14.5935
0.7052,2.9804
1.5864,40.7364
1.1411,16.5317
1.2662,28.8254
2.3753,48.8495
1.5707,24.2221
1.1917,13.9858
1.3368,37.5546
1.5024,37.7623
2.3196,31.3342
1.4768,13.825
1.2564,14.0643
1.8434,48.7156
1.4167,14.1396
1.5826,6.4434
1.1507,24.618
1.5752,4.7396
1.1613,36.8992
0.664,2.9186
1.2693,36.1064
2.7147,27.4544
1.5329,22.9052
0.5991,16.9628
1.5509,24.2806
1.3015,28.1194
1.0474,30.2317
1.4126,21.5863
1.7824,21.961
1.8734,6.829
1.8945,18.8761
1.1943,16.1887
0.9338,20.6031
1.6446,18.5353
1.2639,14.963
1.0852,15.7144
1.5937,23.4084
1.7847,28.4025
2.7887,36.1715
1.1151,5.4111
1.2606,6.0493
1.06,4.0519
1.2931,10.993
1.0452,9.8858
0.9826,7.6802
1.0937,16.5067
1.9516,23.4592
1.333,26.8574
1.3672,4.1063
1.3058,17.992
1.139,26.2151
0.8062,12.0924
1.1775,20.248
1.5177,15.1701
1.6249,10.3106
0.9132,20.7383
2.5044,19.135
2.1532,25.9802
0.9344,18.9168
1.0427,28.5899
1.1669,18.6874
1.1649,18.0274
1.2322,27.0803
1.1985,18.9889
1.5645,15.6561
1.1536,25.3283
1.6322,19.4255
1.4597,4.3682
1.648,5.1125
1.2612,4.4463
1.2741,27.8803
1.3936,4.5572
1.993,5.4994
0.9615,18.8008
1.1104,21.5575
1.0509,3.7613
1.3322,8.4021
1.1796,4.3468
1.1595,4.1594
1.7534,28.7914
1.1865,19.5037
1.2396,18.892
1.8232,29.5935
0.9797,19.421
0.8235,12.5901
1.0566,20.2411
1.0225,4.2711
1.701,19.2347
1.1636,14.1885
1.0558,14.031
0.8107,51.9894
0.8697,12.9613
1.646,20.5115
1.071,3.8857
1.1978,3.9122
1.2065,20.0397
1.1662,39.0537
0.991,19.5282
1.1709,15.0719
1.6594,7.3849
1.1657,14.8944
1.2381,4.244
1.9839,15.2079
2.8286,39.1014
1.7448,31.2958
1.6177,17.7826
1.5739,20.2782
1.2444,29.7321
1.2112,19.8926
1.6509,19.574
1.314,4.2024
1.3446,20.04
1.0987,21.1533
1.5904,27.579
1.5674,38.8312
1.7041,4.7454
1.6627,4.9629
1.1059,3.8936
1.1394,3.9152
1.5677,35.2166
1.3781,4.4538
1.0863,4.5752
1.552,18.4232
1.4005,4.3115
1.3033,11.0798
1.5379,4.6209
1.115,12.1046
1.3057,4.1366
1.127,9.894
1.0194,3.6519
1.3126,30.5488
1.2056,10.4582
1.4351,18.0005
1.01,22.8469
1.5275,27.9273
1.3458,39.5814
1.602,35.8665
1.021,20.9965
2.5691,23.0095
1.6598,5.3834
1.0235,11.7146
1.2694,33.2009
3.7443,28.4281
1.9532,29.8681
1.4536,44.1548
0.8864,19.1622
1.1494,24.8464
2.3599,36.7157
1.0002,13.2631
1.0366,13.7165
0.8287,12.28
1.8887,44.8748
2.0935,5.4736
2.1656,23.7311
1.5089,5.671
1.4205,35.5917
1.4201,23.0808
1.1843,47.7046
1.2226,21.6064
1.0781,26.3776
1.5186,4.769
1.6117,17.506
1.9618,35.0704
2.6433,28.3269
1.2398,32.9145
1.8855,33.8293
1.696,41.3912
0.9564,29.8916
0.9371,11.9443
1.3026,30.2931
1.7519,35.5813
1.8606,22.3282
1.7542,22.783
1.5193,26.4706
1.0365,13.7157
1.5836,17.1811
1.1923,19.1988
0.7882,23.1653
1.3651,27.6881
1.4875,4.5766
2.9097,37.7273
1.4286,20.2931
0.9044,19.3627
0.9518,14.5825
1.3175,5.1594
1.0142,13.3502
1.0734,23.6297
1.5555,19.6142
1.183,19.2674
1.3035,18.3737
0.9475,21.2518
1.0048,20.0453
1.2219,23.9882
1.6849,17.9801
1.6136,4.8978
1.216,46.2408
1.3411,13.1577
1.4129,27.9494
1.3038,28.7043
3.1451,82.2085
1.0088,19.0898
1.3286,26.8209
1.4859,45.6706
1.3272,30.1109
0.5328,2.6634
1.951,45.4529
1.4905,27.9186
1.1947,3.9704
1.6898,27.0541
1.4709,61.252
1.2246,13.8463
1.1317,16.9048
1.6224,19.6355
2.3951,21.767
1.1341,29.2078
1.0549,12.8332
1.8481,44.4061
1.3124,25.2888
1.3558,4.1024
1.4659,4.2313
1.1111,25.5639
0.776,14.9164
1.8308,25.2224
1.2072,17.2807
1.0921,23.688
1.6731,43.2813
1.1269,19.4039
1.6377,19.2391
1.8026,4.9044
1.4715,21.1741
1.3551,18.3416
0.9895,12.8624
1.4193,17.5549
1.3184,20.61
0.6285,2.894
1.1799,3.9761
0.5227,2.7155
1.2618,11.4359
1.1328,21.5062
2.2092,38.3635
2.0812,5.0283
1.6226,23.0398
1.073,37.5063
1.2418,20.6109
1.4207,27.5203
1.039,19.0646
0.9969,19.8559
1.5363,18.4271
1.5327,35.8296
1.4568,4.7662
1.5576,14.7996
1.2891,4.7338
1.046,14.4504
1.345,22.9455
1.3706,13.5857
1.7972,24.3659
1.8074,25.5544
1.0643,13.4598
1.3094,31.5177
2.4354,22.6472
1.2184,5.4619
0.8623,18.5058
1.2351,14.9218
0.9804,20.32
2.211,49.603
0.968,14.1122
0.4934,2.6084
1.593,15.6918
1.5484,19.2916
1.3782,23.4166
1.2188,4.0229
1.6393,23.5701
2.1562,62.1097
1.4752,42.4794
0.6101,2.8201
2.1202,38.8599
0.7963,3.1517
0.5978,2.8387
0.5919,2.7801
0.5097,2.6407
1.3259,5.4751
0.6646,2.9509
0.4936,2.6468
0.9659,3.4575
0.9438,4.2501
0.6376,2.8786
1.5373,4.4504
1.3399,4.0293
1.055,15.4437
1.1693,30.8917
1.1663,22.2135
0.9805,14.8759
0.9438,33.8039
1.7995,43.629
2.5829,29.2637
2.6791,7.5459
1.1059,33.3963
1.4991,4.6699
1.1996,4.2921
1.0695,15.9954
0.9577,14.6339
1.4566,4.3188
1.4036,64.4045
1.0434,3.7521
0.7865,15.9057
1.8673,42.1012
3.3616,20.6873
2.4277,27.0014
0.9277,12.3782
0.9354,21.4711
0.8288,12.2946
1.5672,20.8653
1.7696,4.9248
1.7656,30.1739
2.4094,5.7911
2.0478,17.9507
0.5368,2.7138
1.1027,22.4648
0.7024,8.7006
1.2181,16.0135
1.9238,5.4165
1.4209,40.9741
1.7826,4.8889
0.5784,2.7909
1.5684,4.5488
1.1393,20.0019
1.7739,30.0261
1.638,5.0612
0.7948,3.1645
1.3878,34.7128
1.3091,31.7318
1.1526,23.3845
1.0696,20.0018
0.5503,2.7474
1.3955,28.8176
1.6005,5.1817
1.6446,4.9864
1.1011,33.5454
1.3077,26.912
1.3287,14.8407
0.9391,13.1229
1.0639,3.6437
0.9463,17.4757
1.7664,28.4599
1.5065,28.8053
1.6969,20.3104
1.4822,16.9871
1.1887,38.7162
4.2173,24.4457
1.4342,40.8521
1.8403,19.4094
1.572,4.5756
1.7386,24.7039
1.015,18.8419
1.0368,30.3952
1.3303,14.5656
0.9347,21.3696
1.1648,15.7602
1.2315,25.3104
1.4901,10.5
1.4966,36.6346
0.5823,2.7015
1.119,16.4196
1.2572,16.4717
1.3153,14.9325
1.1761,5.0433
1.6283,43.0765
1.9677,20.7726
1.0619,18.923
1.286,32.0216
1.5155,47.1086
1.5275,40.2142
1.2387,28.5571
1.6417,33.2108
1.7335,22.3905
1.2259,12.4073
1.3574,23.2783
2.1361,20.257
1.4874,40.149
1.0205,3.5287
1.6381,17.9769
1.6288,19.8442
1.3073,4.9842
2.0626,17.1379
0.9195,14.13
1.0768,41.5943
1.8164,24.9169
1.7961,24.6257
1.7726,37.4252
1.3076,30.5469
1.276,30.7214
1.3448,37.0235
1.5196,38.402
1.5209,39.6458
1.8466,46.986
1.3568,37.151
1.8005,59.9554
1.2989,46.062
1.8596,43.8047
1.6757,38.7848
1.6078,42.1072
1.7686,44.3429
1.2797,47.393
1.1556,5.2239
1.2464,41.9861
2.0893,19.5593
1.6246,23.2162
1.1139,25.3983
1.3133,45.6275
0.9961,18.4409
1.425,40.3539
1.8552,18.6494
1.7504,42.1548
1.0866,39.0293
1.1508,34.4198
1.5089,48.742
0.7864,17.5949
1.6223,4.6676
1.606,26.1026
1.376,19.3879
2.0255,16.3388
1.6864,38.8732
1.1838,34.1032
1.3174,24.4331
1.6775,23.8842
1.4245,35.5075
1.3717,46.8763
1.6734,39.1786
1.262,33.8322
1.1073,30.513
1.5308,33.2341
0.8117,29.9859
1.5285,37.5223
1.1755,18.5156
1.3662,34.9691
1.2575,35.8073
1.6825,28.2552
1.5706,30.8982
1.0899,13.0492
1.1741,12.3494
1.1769,31.2289
1.3144,27.0489
1.1683,47.7197
1.3966,31.4247
0.8057,18.3216
0.8885,28.3771
0.9139,11.503
1.3302,34.9558
1.161,27.2071
1.1488,32.5567
1.1238,21.1549
1.3819,38.4272
1.2422,33.1459
1.223,31.2278
1.2358,30.9626
1.0494,30.3354
1.1945,43.4
1.2665,4.0237
2.2464,47.6816
1.6135,36.2172
1.3144,24.539
2.4591,49.851
2.4056,60.3557
1.2322,44.0608
1.5156,45.9985
1.9484,46.9762
1.1981,42.4669
1.4247,53.3666
1.2176,40.6777
1.1513,38.0444
1.4402,34.1433
0.9743,44.3898
1.2151,29.5517
1.1391,15.1183
1.4414,4.3372
2.4658,54.2704
1.535,42.2725
1.6394,18.276
2.1018,53.6135
1.0392,28.3571
1.5942,4.7544
1.0576,46.6067
1.5444,48.8604
1.0669,25.2702
1.527,33.7633
1.942,27.3402
1.1077,38.9929
1.28,7.5052
0.9058,12.7988
1.166,42.8776
1.4257,25.8984
0.7017,3.0574
1.145,32.1728
0.7481,28.2468
1.7234,29.9689
1.3788,33.6451
1.1346,44.1561
0.8436,19.36
1.1725,17.3453
1.7349,5.8473
1.3395,31.8795
1.6168,4.7833
2.9053,25.4421
2.2421,42.5308
1.2829,38.8761
1.5628,39.8434
1.7054,41.1966
0.9125,21.124
1.2642,27.5151
2.0225,42.9273
1.441,28.0032
0.9382,20.5958
1.209,32.0784
1.0955,41.0998
1.4212,36.9118
1.4334,30.2076
1.8602,48.3744
2.0297,58.845
0.6321,27.8792
0.8976,19.3902
1.0701,17.3003
1.2782,50.7292
1.2462,16.0873
1.498,5.391
1.1364,21.5729
1.1545,40.4738
1.1544,32.7681
1.1431,24.6686
1.704,17.0026
1.425,23.522
0.9694,14.4937
1.4714,4.2559
1.284,38.4034
1.652,4.712
1.4656,38.8265
1.0711,3.9058
1.5126,24.3579
0.8487,23.1606
1.0057,31.4208
1.8173,5.7806
1.3181,48.9467
1.1106,13.7442
1.5785,33.1423
1.6973,30.6018
1.6846,37.2211
0.5749,25.2204
1.0318,32.73
1.3741,32.8305
0.4944,2.5641
1.0255,33.5677
2.1694,32.8415
1.5778,35.7738
1.2609,27.1007
2.1745,49.1086
1.264,28.8609
1.9569,53.605
1.3356,43.5693
1.3436,28.0866
1.364,34.2584
1.8937,35.9499
1.8719,36.8277
1.5873,38.6964
0.934,32.9179
1.162,22.7018
2.1907,48.9798
1.1641,26.8369
0.5493,2.7792
2.2631,26.8863
1.3671,37.1222
1.0038,35.6048
1.4338,31.9426
1.1166,22.5853
1.9076,47.9393
2.1323,32.4589
1.1924,36.4405
0.8472,18.4384
1.0647,45.7191
1.3083,41.6586
1.1688,38.2746
1.3479,23.4918
1.3131,38.7319
1.5723,35.24
4.2741,76.946
1.2997,47.3938
1.0744,13.9148
1.0643,39.6823
1.025,14.6202
1.2555,21.7712
1.0352,20.108
1.1215,18.1801
1.7096,23.0796
1.4785,35.1599
1.2007,35.0679
1.5268,30.028
1.2369,23.0669
1.4052,5.9651
0.4635,13.7967
0.9325,35.3333
1.6029,60.1047
1.3593,45.5226
1.3914,39.2187
1.0521,29.9849
0.7973,18.3668
1.3698,13.8224
1.4367,15.6419
2.8965,32.1534
0.4464,2.4824
1.4588,55.4898
1.5547,60.753
1.0704,48.5547
1.4175,47.5694
1.2699,44.0034
1.1037,46.7591
1.1113,38.9938
1.5483,40.4839
1.1865,20.3524
1.1956,34.6287
1.8937,50.0028
1.8465,48.5261
0.5331,9.4636
1.2623,36.2184
1.3429,9.5607
0.895,12.3369
1.4725,23.0788
1.0665,38.5849
1.098,22.3508
0.8604,33.3355
1.2694,50.9399
1.0662,22.5664
0.9967,24.341
0.9734,31.903
3.0497,71.4358
1.8555,47.1322
1.3164,23.4635
1.1945,27.3798
0.9651,34.9827
2.0592,25.8099
1.1381,30.1418
1.2755,37.911
1.6618,48.3446
1.1824,42.6385
1.2589,28.8329
2.0016,33.9523
2.0143,5.8055
1.3382,43.2342
1.4823,25.2077
2.0193,33.8503
1.7423,4.7058
1.5341,38.9172
1.4974,45.5097
2.1133,51.2079
2.0002,48.2268
1.1307,42.3436
1.657,51.9957
0.5848,42.8247
1.234,54.9652
1.0682,24.0324
1.5003,18.0839
1.1872,35.6415
1.2191,3.9859
1.1915,18.3435
1.1654,37.5646
1.4784,45.2535
1.5908,20.2186
1.6013,17.6466
1.2359,49.9025
0.9604,3.5422
2.4333,22.8223
0.8863,32.3028
1.4672,20.5443
1.6544,39.8357
1.7669,41.0439
1.7007,36.5852
1.3133,34.2139
1.5169,32.1908
0.8873,12.9905
0.6515,2.9027
0.709,23.5232
1.3002,48.1536
1.1832,46.1141
1.2771,39.8718
1.7101,47.1298
1.545,22.3766
1.1507,20.1626
1.2213,19.6928
1.3119,33.7777
1.1621,24.5131
1.2138,3.939
1.2937,37.0346
2.2612,56.5297
1.2195,3.9775
1.2241,33.065
1.136,29.4635
1.5371,32.1043
1.2196,3.936
2.0334,56.9619
1.651,20.8659
0.9997,19.9368
1.5505,7.1354
1.0075,16.602
1.0522,40.8197
1.2477,16.5248
1.6531,21.6832
1.3577,34.9124
1.4784,5.0329
1.085,30.9067
1.1784,18.8525
1.7465,28.0595
1.7453,23.5993
1.224,3.8752
1.3225,31.4849
1.2859,31.3541
1.1522,32.6762
1.4516,5.0962
1.5163,44.4196
1.3476,50.8746
1.2618,34.8421
1.6071,4.9258
1.3345,13.5779
1.179,45.3613
2.1184,58.4513
0.7651,43.6465
1.7242,5.4618
1.6156,4.8604
0.8585,21.6306
2.5697,6.4872
1.0431,19.7866
1.5519,42.5285
0.933,13.6752